Product,Description,Category
INOVO,"INOVO I 812 V1 (Ram:3GB/Rom:32GB) รับประกัน 1 ปี ,จอ 6.0"" QHD  Quad-Core Processor Ram 3 GB/Rom 32 GB แบต 2500 mAh Battery ,5.0 MP+8.0MP Pixel , Face uniock, Android 8",1
Pinno,"ขนาดหน้าจอ 2.4 นิ้ว,ระบบ Dual SIM (2 ซิม),รองรับ SD card สูงสุด 8GB,ปุ่มกดใหญ่สะใจ กดง่าย เห็นชัด,ช่องเสียบหูฟัง ขนาด 3.5 mm,ฟังค์ชั่นเครื่อง: MP3 / MP4 / FM, กล้อง, บันทึกเสียง, นาฬิกาปลุก, ไฟฉาย,ภาษาที่รองรับ: English, Russian, French, Spanish, IndonesiaMelayu, Thai,ความถี่: Dual band, GSM900 / 1800MHz",1
R9,"มือถือจอหยดน้ำหน้าจอใหญ่สุดและสเปคแท้คุ้มค่าที่สุดในตลาดตอนนี้,หน้าจอแสดงผลกว้าง 6.26 นิ้ว,ระบบปฏิบัติการ Android ของแท้ดีที่สุดสำหรับธุรกรรมการเงิน ปลอดภัย No root,พร้อม Google Play Protectช่วยป้องกันแอปที่เป็นอันตราย,ซอฟแวร์อัพเดทได้ ไม่ลอยแพ,ฝาหลังแบบgeraldine color 2 เฉดสี (ถอดฝาหลังได้),รองรับ 2 ซิม ซิม3G 4G (AIS TRUE DTAC MybyCAT),รองรับระบบรักษาความปลอดภัยด้วยการสแกนใบหน้า,กล้องหลัง 8 MP พร้อมแฟลช,กล้องหน้า 5 MP พร้อมโหมดหน้าสวย,RAM 2GB/ROM 16 GB CPU MT65804Core,รองรับการสนทนาวีดิโอคอล Facebook live Line,แบตเตอรี่ 2800mAh,รองรับการ์ดหน่วยความจำเสริมภายนอกแบบ microSD Card ขนาดสูงสุด 64 GB,ตัวเครื่องภาษาไทย สินค้ามีรับประกันให้ 1 ปี (ศูนย์บริการไทย),เคลมเปลี่ยนคืนได้ ภายใน 7 วันนับจากวันที่รับสินค้า ไม่นับรรวมสินค้าแกะใช้งานแล้ว,",1
J5pro (OEM),"สินค้าลดล้างสต๊อกประกัน 7 วันเท่านั้น ไม่รองรับการคืนเงิน การสั่งซื้อถือว่าอ่านและเข้าใจข้อตกลงทั้งหมดแล้ว,ไม่รองรับแอพเป๋าตังค์,ซีพียู : Quad-Core MTK6580M,หน่วยความจำ RAM 1GB / ROM 4GB,หน่วยความจำภายนอก:TF card up to 32GB,จอแสดงผล: หน้าจอ IPS ขนาด 5.0 นิ้ว,ความละเอียดจอ: QHD 960x540 พิกเซล,เครือข่าย : 4G/3G WCDMA 850/2100MHZ.,ระบบAndriod: เวอร์ชั่น 6.0 MarshMallow,กล้องถ่ายภาพ: กล้องหน้า 2 ล้านพิกเซล / กล้องหลัง 5 ล้านพิกเซล,การเชื่อมต่อ: USB,Wi-Fi,WiFi Hotspot,Bluetooth,แบตเตอรี่: ลิเธียมไอออน 2500mAh,ขนาดตัวเครื่อง: 75.0x148.0x8 มม.,",1

J9 Plus,"J9 Plusมือถือ OEM ตอบโจทย์ทางเลือกสำหรับงบจำกัด
หน้าจอขนาด 6.2 นิ้ว จอหยดน้ำแท้ สุดติ่ง
OS : Android 9.0 ( ใช้แอพธนาคารไทยได้ แอพเป๋าตังค์)
กล้อง : หลัง 13 MP หน้า 8 MP
ฟังก์ชั่นพิเศษ Face Unlockใช้ใบหน้าปลดล็อค
Network : 4G / 3G function
CPU : ARM Cortex-A7 MT6580 (64-bit)
RAM : 1 GB ROM 16 GB
Battery : 3500 mAh ( ถอดฝาหลังได้ )
Product Made in Vetnam

มีรับประกันสินค้าให้ 6 เดือน",1
Vivo V15 Pro,"ข้อมูลเฉพาะของ Vivo V15 Pro (6GB + 128GB)
แบรนด์VivoSKU535482022_TH-968124220ประเภทของการรับประกันมีการรับประกันModelV15 Proระยะเวลาการรับประกัน2 ปี",1
Samsung Galaxy M30s,"แบตอึดอยู่นาน สนุกได้ทั้งวัน กับความจุ 6000 mAh และสามารถชาร์จแบตเร็ว ด้วย Fast Charging
ระบบกล้องหลัง 3 ตัว ที่มีกล้องชัดสูงสุดถึง 48 MP มาพร้อมกับเลนส์มุมกว้างพิเศษ Ultra Wide
ใช้ Exynos 9611 สเป็กแรงขึ้นเล่นเกมส์ได้ไม่มีสะดุด กับ RAM 4 GB ROM 64 GB
หน้าจอแสดงผล Super AMOLED Infinity-U ขนาด 6.4 นิ้ว",1
Apple iPhone 11 Pro Max,"แบรนด์แอปเปิ้ลSKU449064484_TH-829146951ประเภทของการรับประกันมีการรับประกันModelApple iPhone 11 Pro Maxระยะเวลาการรับประกัน1 ปี
ภายในกล่องสินค้า	iPhone พร้อม iOS 13, EarPods พร้อมหัวต่อ Lightning,สาย USB‑C เป็น Lightning, อะแดปเตอร์แปลงไฟ USB‑C ขนาด 18 วัตต์, เอกสารคู่มือ",1


Huawei Nova 5T,"สีสันสะดุดตา
เซ็นเซอร์ลายนิ้วมือที่ติดตั้งด้านข้างช่วยให้ปลดล็อคได้สะดวกและรวดเร็ว
กล้องหลัง 4 ตัว สามารถถ่ายภาพความละเอียดสูง, มุมกว้างพิเศษ (ultra-wide Angle), มาโคร (Macro) และกล้องวัดระยะโบเก้ (Bokeh)
กล้องหลักความละเอียด 48 ล้านพิกเซล

พร้อมกับแบตเตอรี่ 3750 mAh และ 22.5 W HUAWEI SuperCharge ที่ให้คุณชาร์จแบตได้ 50% ใน 30 นาที",1


S10,"ระบบปฏิบัติการ: Android 8.0 ..
CPU: mtk6797.
กล้องมองหลัง: 13MP,กล้องด้านหน้า: 8MP ..
คำอธิบาย:

2ประเภทสินค้า:

ระบบปฏิบัติการ: Android 8.0

CPU: mtk6797

หน่วยความจำ: 8 GB

รอม: 128 GB

หน่วยความจำภายนอก: รองรับ SDHC

ประเภทหน้าจอ: IPS

ขนาดหน้าจอ 10.1 นิ้ว

ข้อมูลจำเพาะของหน้าจอ: ความจุ

ความละเอียด: 1960*1080

เครือข่าย: WIFI 802.11a/b/g/n

บลูทูธ: 4.1

ความละเอียดกล้องมองหลัง: 13MP

กล้องด้านหน้า: 8MP

สื่อ: รองรับไมค์/รองรับ FM/รองรับ GPS/รองรับ g SENSOR

ภาษา: พูดได้หลายภาษา

พลังงานและแบตเตอรี่: Built-in 8000 mAh/5 V ลิเธียมไอออนโพลิเมอร์แบตเตอรี่

เวลาทำงาน: นานถึง 5 ชั่วโมง

อะแดปเตอร์ไฟ: 5 V/2A

Flash: สนับสนุนการถอดรหัสฮาร์ดแวร์ Flash 11

USB พอร์ต: 1 พอร์ต Micro USB

พอร์ตออดิโอ: 1x3.5 มม.แจ็คหูฟังสเตอริโอ

การขยายตัวช่องเสียบบัตร: รองรับ 64tf ช่องเสียบบัตร

แพคเกจรวม:

1 * 2 PC ค่ะ

1 * อะแดปเตอร์ไฟ

1 * สาย USB ค่ะ

1 * คู่มือการใช้งานผู้ใช้

1 * กล่อง

หมายเหตุ:


ส่วนเบี่ยงเบนของสีอาจแตกต่างกันเนื่องจากการตั้งค่าจอภาพที่แตกต่างกัน",2
TMAX,"แบรนด์No BrandSKU513132172_TH-911910237ประเภทของการรับประกันไม่มีการประกันกล้องหน้า (เมกะพิกเซล)13MPขนาดหน้าจอ (นิ้ว)10รุ่นJNPB3DQMความละเอียดFull HD
ภายในกล่องสินค้า	1X tablet, box, manual, charger, USB cable, OTG cable",2


2หน้าจอโค้ง,"NERLMIAY ของแท้ 100%, Android 8.0, โปรเซสเซอร์ซีพียูสิบคอร์
หน้าจอป้องกันดวงตา 2500 HD IPS, ความละเอียด 1920 * 1280HD, ปกป้องการมองเห็น, พื้นผิวที่ดี, สีจริง, รายละเอียดที่ชัดเจน, และประสบการณ์ภาพที่สมจริง
รองรับสองซิมการ์ดรองรับ WIFI เครือข่าย 5G พร้อมกับฟังก์ชั่นบลูทู ธ , บลูทู ธ 5.1, ฟังก์ชั่น OTG, อินเตอร์เฟซ TYPEC สามารถเชื่อมต่ออุปกรณ์ USB ภายนอกที่หลากหลาย
รองรับแฟลช, ความไวแสงสูง, โฟกัสอัจฉริยะ, วิดีโอ HD
Dolby sound, 3D stereo surround sound, HIFI fever sound
แบตเตอรี่ความจุขนาดใหญ่สำหรับการทำงานความเร็วสูงต่อเนื่อง 6-8 ชั่วโมง, สแตนด์บายนานเป็นเวลาครึ่งเดือน
กล้องหน้า 8 ล้านพิกเซล15 ล้านพิกเซลสำหรับกล้องหลัง

หากคุณสนใจในผลิตภัณฑ์คุณสามารถติดต่อเราผู้จัดการร้านค้าจะให้รางวัลลึกลับ",2
2ใหม่ล่าสุด,"แบรนด์OEMSKU553582797_TH-1010966933ประเภทของการรับประกันมีการรับประกันจากผู้ขายเซลลูลาร์Yesขนาดหน้าจอ (นิ้ว)10.1รุ่น163ระยะเวลาการรับประกัน1 ปีระบบปฏิบัติการAndroidหน่วยความจำเพิ่มเติมNo
ภายในกล่องสินค้า",2
Apple iPad 10.2-inch,"แบรนด์แอปเปิ้ลSKU449178112_TH-829418724ประเภทของการรับประกันมีการรับประกันรุ่นApple iPad 10.2-inch Wi-Fi + Cellularระยะเวลาการรับประกัน1 ปี
ภายในกล่องสินค้า	iPad , สาย Lightning เป็น USB, อะแดปเตอร์แปลงไฟ USB",2

MSI GF63 THIN 9RCX-486TH,"CPU : INTEL CORE I5-9300H
RAM : 8 GB DDR4 2666MHz
STORAGE : 512 GB PCIe/NVMe M.2 SSD
DISPLAY : 15.6"" FULL HD IPS 60Hz
VGA : NVIDIA GEFORCE GTX1050TI 4 GB GDDR5
OS : WINDOWS 10 HOME,แบรนด์MSISKU526022413_TH-942222834ประเภทของการรับประกันมีการรับประกันรุ่นGF63 Thin 9RCX-486THประเภทหน่วยประมวลผลIntel Core i5ระยะเวลาการรับประกัน2 ปี

ภายในกล่องสินค้า	GF63 Thin 9RCX-486TH",3

Fujitsu Lifebook A561/D,"CPU Intel Core i3-2350M @2.30 GHz
หน้าจอขนาด 15.6” Full HD (1920 x 1080)
HDD : 250 GB
RAM: DDR3 4 GB
Port : USB 2.0 x 4,VGA/ LAN port
USB WiFi, DVD-ROM
Battery Li-ion
การ์ดจอ : Intel HD Graphics 3000 on board
Battery 1-2 ชม+-
#ผลิตในประเทศญี่ปุ่น คุณภาพมากกว่า 95%
ฟรีเกมส์ 200 เกมส์ เล่นได้เลยไม่ต้องต่อเน็ต
รับประกันสภาพสินค้าทุกชิ้น 95%+
รับประกันสินค้า 3 เดือน
Condition: สินค้าหมดสัญญาเช่า,แบรนด์FujitsuSKU536850936_TH-971818832MPNFujitsu-A561DGTINFujitsu-A561Dประเภทของการรับประกันมีการรับประกันขนาดหน้าจอ15.6รุ่นLifebook A561/Dประเภทหน่วยประมวลผลIntel Core i3-2350Mระยะเวลาการรับประกัน3 เดือน
ภายในกล่องสินค้า	เครื่อง + สายชาร์จ + กระเป๋า + เม้าส์",3
HP Probook 650G1,"รายละเอียด Spec:
-CPU : Intel(R) Core i5-4200M CPU @2.5GHz)
-มาพร้อม Windows 10 64-bit คุ้มสุดๆ
-HDD : 320 GB
-Ram : DDR3 4 GB
-หน้าจอ : 15.6"" LED backlight (1366 x 768) HD
-กราฟฟิก : Intel HD Graphics 4600
-PORT: USB 3.0 X 3, USB 2.0 X 2, VGA, LAN, Display port, Serial port
-เครื่องมี USB-WiFi, DVD-ROM drive, Kensington Lock slot
-Card reader : SD Memory Card
-รับประกันสูงสุด 3 เดือน- Condition: Made in Japan, Used, second handed, สินค้าหมดสัญญาเช่า-รีวิวเกมส์ Call of duty ลิ้งค์: https://youtu.be/Rq2gFTlP2z8,แบรนด์HPSKU556010718_TH-1017954919MPNProbook650GTINProbook650ประเภทของการรับประกันมีการรับประกันขนาดหน้าจอ15.6รุ่นProbook 650ประเภทหน่วยประมวลผลIntel Core i5-4200Mระยะเวลาการรับประกัน3 เดือน
ภายในกล่องสินค้า	ตัวเครื่อง + อะแดปเตอร์ + กระเป๋า + เม้าส์",3
Asus VivoBook 14 X412DA-EK338T,"CPU:AMD Ryzen 7 3700U
GPU:AMD Radeon RX Vega 10
DISPLAY:14 inch (1920x1080) Full HD
RAM:8 GB DDR4, 2133 MHz
STORAGE:512 GB SSD PCIe M.2
OS:Windows 10 Home (64 Bit),แบรนด์ASUSSKU484546083_TH-872874549ประเภทของการรับประกันมีการรับประกันจากผู้ให้บริการขนาดหน้าจอ14รุ่นX412DA-EK338Tประเภทหน่วยประมวลผลAMDระยะเวลาการรับประกัน2 ปี
ภายในกล่องสินค้า	Asus VivoBook 14 X412DA-EK338T AMD Ryzen 7/8GB/512GB SSD/RX Vega 10/14.0/Win10 (Peacock Blue)",3
Used-Notebook โน๊ตบุ๊ค HP,"Used สภาพดี 90-95%
Intel Core i5-5200U 2.2 GHz
แรม DDR3L 8 GB
HDD 500 GB
มีช่องใส่ SSD M.2
Intel Graphics 5500
USB 3.0X4
หน้าจอ 14 นิ้ว (1366x768)
กล้องหน้า
แบต 2-3ชม.
มีสายชาร์จให้/ฟรี กระเป๋า+เม้าส์+แผ่นรองเมาส์/รับประกัน 3 เดือน
รายละเอียดอาจมีการเปลี่ยนแปลงได้ โปรดสอบถามก่อนสั่งซื้อ,แบรนด์HPSKU265415778_TH-413129404Optical Disk DriveNoConnectivityBluetooth,Wifiน้ำหนัก (กก.)1.9ระยะเวลาการรับประกัน3 เดือนระบบปฏิบัติการWindowsการ์ดแสดงผลIntel HD Graphics 5500PortsDisplay,USB 3.0 (3.1 Gen 1) Type-A,VGA (D-Sub) portsอุปกรณ์ชี้ตำแหน่งTouchpadความถี่ของการประมวลผล (GHz)2.2ประเภทของการรับประกันมีการรับประกันสภาพสินค้าใช้แล้วขนาดหน้าจอ14ความจุฮาร์ดไดร์ฟ500GBหน่วยความจำกราฟิก1GB และมากกว่ารุ่นElitebook 840 G2ตัวแปลงไฟฟ้ากระแสสลับNoประเภทหน่วยประมวลผลIntel Core i5-5200Uกราฟฟิคการ์ดIntelหน่วยความจำระบบ8GB
ภายในกล่องสินค้า	Notebook/Adapter/Mouse/Bag",3
Angel Wings,"แบรนด์FINGFINGCATSKU523552149_TH-934738701ประเภทของการรับประกันมีการรับประกันจากผู้ขายขนาดหน้าจอ24รุ่นคอมพิวเตอร์ Intel core i7ประเภทหน่วยประมวลผลIntel Xeonระยะเวลาการรับประกัน1 ปี
ภายในกล่องสินค้า	คอมพิวเตอร์，ของขวัญรวมถึงคีย์บอร์ดเกมและเม้าส์, เสื่อ, สายไฟ, สายเคเบิลเครือข่าย, การ์ดเครือข่ายไร้สาย, กล้อง, ลำโพงขนาดเล็กและหูฟัง",4
คอมเล่นเกมส์ (ครบชุด) X4 651,"FREEEEEEEE USB WIFI
- AMD 4 CORE X4 651
- RAM 4GB
- HDD 320GB
- GPU 1GB DDR3
- PSU 600W
- CASE Diamond Breeze
- Motniter 19"",แบรนด์No BrandSKU536068845_TH-969666021ประเภทของการรับประกันมีการรับประกันขนาดหน้าจอ19รุ่นAMD 4Core + Moniter 19 GAMEONLINE SETประเภทหน่วยประมวลผลQuad-coreระยะเวลาการรับประกัน1 เดือน
ภายในกล่องสินค้า	PC + MORNITER + AC + MOUSE + KEYBOARD + USB WIFI",4
คอมเล่นเกมส์ (เฉพาะเครื่อง) X4 651,"แบรนด์No BrandSKU536112223_TH-969660171ประเภทของการรับประกันมีการรับประกันรุ่นAMD 4Core RAM 8GB GTX750Ti GAMEONLINE SETประเภทหน่วยประมวลผลQuad-coreระยะเวลาการรับประกัน1 เดือน
ภายในกล่องสินค้า	PC + ACPOWER + USB WIFI",4
คอมสำนักงานราคาถูก,"แบรนด์AcerSKU528530946_TH-949454153ประเภทของการรับประกันมีการรับประกันจากผู้ขายรุ่นCore I3ประเภทหน่วยประมวลผลIntel Core i3ระยะเวลาการรับประกัน1 เดือน
ภายในกล่องสินค้า,Acer S6 Series
Core I3 530
Ram 2GB DDR3
HD 250GB
DVD
เครื่องใช้งานได้ดี มี วินโด้7 โปรแกรมพื้นฐาน ใช้ได้เลย ตัวเครื่อง
ฟรี wifi",4
คอมพิวเตอร์ ชุดสตรีมเกมส์ สตรีมได้ทุกเกมส์ Ultra Gaming,"System- CORE Core i54460 3.4Ghz LGA 1150
- RAM 16GB 1600
- SSD 240GB **ของใหม่**
- VGA RX580 4GB ( แรงเล่นได้ทุกเกมส์ ) เทียบเท่า GTX1060 6GB
- PSU 650W 80+
- CASE AURORA **ของใหม่**,แบรนด์No BrandSKU535132032_TH-967368068ประเภทของการรับประกันมีการรับประกันจากผู้ขายรุ่นUltra Gaming SET I5-4460/RAM 16GB/RX580 4GB/SSD 240GBประเภทหน่วยประมวลผลIntel Core i5ระยะเวลาการรับประกัน1 เดือน
ภายในกล่องสินค้า",4
Bumblebaa MINI ,"กล้องวีดีโอสำหรับเด็ก: การออกแบบที่เรียบง่ายสำหรับเด็ก, camera นี้เป็นของขวัญที่ดีสำหรับเด็กตั้งแต่ 3 ปี ออกแบบมาสำหรับเด็กกล้องถ่ายวีดีโอเบาพอที่จะขนส่งได้ค่ะ หน้าจอสี HD ขนาด 2.0 นิ้วช่วยให้เด็กๆสามารถสำรวจโลกของตัวเองได้โดยการทำซ้ำภาพถ่ายและวิดีโอ
คงทนและชาร์จเวลา: ในตัว 3.7 V ชาร์จแบตเตอรี่ลิเธียม, ซึ่งเป็นสะดวกมากขึ้นเมื่อเทียบกับแบตเตอรี่กล้องอื่นๆในตลาด เด็กสามารถเพลิดเพลินกับเวลาภาพของพวกเขาโดยไม่หยุดชะงัก, เพียงแค่เปิดกุญแจสวิตช์แล้วสนุกกับการถ่ายภาพง่ายๆสำหรับเด็กที่จะใช้!
ทนทานทนต่อการหล่น: ปกคลุมด้วยกันกระแทกทนทานและปลอดภัยเคสโทรศัพท์แบบซิลิโคน ไม่ต้องกังวลถ้าลูกของคุณเล่นกลางแจ้งทำลายกล้อง
ภาษาสนับสนุน: จีนตัวย่อ * จีนดั้งเดิม * อังกฤษ * กฎหมาย * อิตาลี * เยอรมัน * ญี่ปุ่น * เกาหลี * เช็ก * รัสเซีย * ไทย
ของขวัญที่ดีที่สุดสำหรับเด็ก: กล้องปรับปรุงสำหรับเด็กมีจุดมุ่งหมายเพื่อให้สนุกสำหรับเด็ก ภาพที่ชัดเจนและวิดีโอสดใสกระตุ้นความอยากรู้อยากเห็นและจินตนาการสร้างแรงบันดาลใจให้พวกเขาบันทึกโลก, กล้องสำหรับช่างภาพรุ่น เหมาะสำหรับกีฬา,ค่ายโรงเรียน,การเดินทาง,วันหยุดพักผ่อนและกิจกรรมกลางแจ้งอื่นๆ; วันเกิดที่ดีที่สุด, ของขวัญเทศกาลและคริสต์มาสสำหรับเด็กหญิงและเด็กชาย
คุณสมบัติ:

ภาษาสนับสนุน: จีนตัวย่อ * จีนดั้งเดิม * อังกฤษ * กฎหมาย * อิตาลี * เยอรมัน * ญี่ปุ่น * เกาหลี * เช็ก * รัสเซีย * ไทย

คุณสมบัติผลิตภัณฑ์: โหมดกล้อง,โหมดวิดีโอ,โหมดแท็กภาพ,โหมดซูม 3X, โหมดภาพหมดเวลา,โหมดการเล่นวิดีโอ,สามในตัวเกมปริศนา (งู,Sokoban,Tetris)

ปลอดภัยและเชื่อถือได้วัสดุสีเขียว,หลอดไฟไม่มีมลพิษ,กัดและความสงบของจิตใจ



ข้อมูลจำเพาะ:
วัสดุสีเขียวปลอดภัยและเชื่อถือได้โดยไม่มีการปนเปื้อนกัดและความเงียบสงบ

การ์ดความจำเข้ากันได้กับ 32G

ขนาดหน้าจอ 2.0 นิ้ว

เวลาการใช้งานประมาณ 90 นาทีและเวลาในการชาร์จประมาณ 120 นาที

ความจุแบตเตอรี่ 3.7v600mah แบตเตอรี่ลิเธียม

ความละเอียดของภาพเลนส์ด้านหลัง: 3264*2448

ความละเอียดวิดีโอด้านหลัง: 1920*1080",5
IDREAM,"1.ความละเอียดสูง 16 ล้านพิกเซลซูม 16X.
2.โคมไฟแฟลชประสิทธิภาพสูง
3.ภาพถ่ายสามารถแก้ไขได้โดยตรงจากกล้อง
4.ภาพถ่ายสามารถพิมพ์โดยตรงบนคอมพิวเตอร์
5.ด้วยฟังก์ชั่นการถ่ายภาพมาโคร
คุณสมบัติ:
1.ความละเอียดสูง 16 ล้านพิกเซลซูม 16X.
2.โคมไฟแฟลชประสิทธิภาพสูง
3.ภาพถ่ายสามารถแก้ไขได้โดยตรงจากกล้อง
4.ภาพถ่ายสามารถพิมพ์โดยตรงบนคอมพิวเตอร์
5.ด้วยฟังก์ชั่นการถ่ายภาพมาโคร

คำอธิบาย:
ข้อมูลจำเพาะและพารามิเตอร์ของเซนเซอร์ CMOS ถึง 16 ล้านพิกเซล.
สื่อเก็บข้อมูลสามารถขยายได้ถึง 32 การ์ด GB SD/HC การ์ด SD.

ข้อมูลจำเพาะ:
ข้อมูลจำเพาะทางเทคนิค: 16 ล้านพิกเซล,interpolation 720 P
มาตรฐาน: แบบสแตนด์อะโลน,คู่มือ,สายข้อมูล,ฝาปิดเลนส์
ขนาดร่างกาย: 115*82*110mm
น้ำหนัก 300 กรัม
จอแสดงผล: 2.4/2.8 นิ้ว TFT
B * attery: เบอร์ 5 แห้ง B * attery [4]
การ์ดความจำ: รองรับการ์ด 32gb-sd สูงสุด
รูปแบบวิดีโอ: AVI
รูปแบบภาพ: jpget
ออกทีวีเอาท์พุท: NTSC-30fps/PAL-25fps
เมนูภาษา: อังกฤษง่ายและแบบดั้งเดิมภาษาฝรั่งเศสภาษาดัตช์สเปนอิตาลีโปรตุเกสเยอรมันโปแลนด์ตุรกีรัสเซียเกาหลี 13 ภาษาที่มีอยู่

แพคเกจ includeds:
1 * สแตนด์อะโลน,
1 * คู่มือ,
1 * สายข้อมูล,
1 * ฝาปิดเลนส์ค่ะ",5
Gopro Hero MAX Action Camera,"วิดีโอ 5.6K 30 เฟรมต่อวินาที
ความละเอียด 16.6 ล้านพิกเซล
กันน้ำ 5 เมตร
การควบคุมด้วยเสียง
หน้าจอทัชสกรีน ขนาดกว้าง 2 นิ้ว,Specifications
• Video 5.6K 30Fps
• 16.6 Megapixel
• 5 meters water proof
• Capture, Create and share via GoPro App
• Voice Control
• 2"" Touch screen
• GPS Telemetry
• Power Pano
• Max HyperSmooth
• Max TimeWarp
• Live Streaming 1080
• 360 > HERO mode
• 6x Microphone surround
• Folding Fingers",5
Sony กล้องดิจิตอล รุ่น A6000 KIT,"เซ็นเซอร์ภาพ APS-C Exmor APS HD CMOS
ความละเอียด 24.3 ล้านพิกเซล
หน้าจอ LCD 3 นิ้ว 921k-Dot Xtra ปรับองศาได้
ถ่ายวีดีโอ Full HD 1080i/p AVCHD Video at 24/60 fps
สามารถเชื่อมต่อ Wi-Fi Connectivity ผ่าน NFC
เลนส์ Sony 16-50mm f/3.5-5.6 OSS Zoom
คุณสมบัติเด่น


เซ็นเซอร์ภาพ APS-C-sized Exmor APS HD CMOS ความละเอียดมากถึง 24.3 MP เก็บรายละเอียดได้ทั้งเฟรม ความไวสูง สามารถปรับหน้าชัดหลังเบลอได้เพื่อให้ได้ภาพที่ดึงดูดใจยิ่งขึ้น
ถ่ายภาพได้อย่างสวยงามในที่ๆ มีแสงสว่างน้อยด้วย ISO 25600 นอกเหนือจาก กล้องตัวนี้ยังสามารถถ่ายภาพต่อเนื่องได้ถึง 11 fps ด้วยความชัดเจนที่เหลือเชื่อจากระบบโฟกัส Fast Hybrid AF system
จุด AF 179 จุดจับโฟกัสด้วยความแม่นยำสูงสุด ประกอบกับระบบประมวลผลภาพ BIONZ X Image Processor ให้ประสิทธิภาพของระบบรวดเร็วขึ้นถึง 35%
หน้าจอLCD ขนาด 3.0"" 921k-dot XtraFine สามารถปรับองศาการรับชมได้ตามความถนัด มองได้ชัดแม้ในที่แสงจ้า
0.39"" 1,440k-dot Tru-Finder OLED EVF คลุมเฟรม 100% ให้มุมมองและการขยายที่เป็นธรรมชาติ
สามารถแชะแล้วแชร์ได้อย่างรวดเร็วด้วยการเชื่อมต่อ Wi-Fi Connectivity ผ่าน NFC ทำให้การอัพเดทในโลกโซเชี่ยลเป็นไปได้อย่างง่ายดาย
ตัวบอดี้ที่ไม่เทอะทะ พกพาสะดวก น้ำหนักเบา และความสามารถของกล้องและเลนส์ที่จิ๋วแต่แจ๋ว ให้ภาพที่ละเอียด สีสวยสดใสเหมือนธรรมชาติ



ที่สุดแห่งกล้องดิจิตอลมิลเลอร์เลสที่ท้าทายประสิทธิภาพ5 กระแสความนิยมของ6ยังคงมาแรงแข่งกับ5 ในยุคนี้ก็คงหนีไม่ Sony กล้องดิจิตอล รุ่น A6000 KIT 16-50mm. (ประกัน EC-MALL) ด้วยตัวบอดี้ที่ไม่เทอะทะ พกพาสะดวก น้ำหนักเบา และความสามารถของกล้องและเลนส์ที่จิ๋วแต่แจ๋ว ให้ภาพที่ละเอียด สีสวยสดใสเหมือนธรรมชาติที่ จุด AF 179 จุดจับโฟกัสด้วยความแม่นยำสูงสุด ประกอบกับระบบประมวลผลภาพ BIONZ X Image Processor ให้ประสิทธิภาพของระบบรวดเร็วขึ้นถึง 35% และยังสามารถแชะแล้วแชร์ได้อย่างรวดเร็วด้วยการเชื่อมต่อ Wi-Fi Connectivity ผ่าน NFC ทำให้การอัพเดทในโลกโซเชี่ยลเป็นไปได้อย่างง่ายดายมากยิ่งขึ้นจึงไม่แปลกใจที่กระแส6ยังคงมาแรงไม่เสื่อมคลาย,Specifications

- เลนส์เมาท์ เลนส์ E-mount จาก Sony
- ความเข้ากันได้ของเลนส์ เลนส์ E-mount จาก Sony
- ประเภท APS-C
- เซนเซอร์ ชนิด APS-C (23.5 x 15.6 มม.)
- จำนวนพิกเซล (ที่ใช้งานจริง 24.3MP
- จำนวนพิกเซล (รวม) ประมาณ 24.7 ล้านพิกเซล
- สัดส่วนภาพของเซนเซอร์ภาพ 3:02
- ระบบป้องกันฝุ่น การเคลือบป้องกันประจุบนฟิลเตอร์ออปติคอลและกลไกการสั่นแบบอัลตราโซนิก
- รูปแบบการบันทึก (ภาพยนตร์) AVCHD 2.0/MP4
- MULTI FRAME NR อัตโนมัติ/ISO100 ถึง 51200
- ประเภทโฟกัส Fast Hybrid AF (AF ตรวจจับระยะห่าง/AF ตรวจจับความเปรียบต่าง)
- ประเภท แฟลชในตัว
- ช่วง AF ILLUMINATOR ประมาณ 0.3 - ประมาณ 3.0 ม. (โดยติดตั้งเลนส์ E PZ 16-50 มม. F3.5-5.6 OSS)
- ประเภทการวัด การวัดประเมินผล 1200-zone
- เซนเซอร์การวัด เซนเซอร์ ""Exmor™"" APS HD CMOS
- ความไวการวัด EV0 ถึง EV20 (ที่เทียบเท่า ISO100 โดยติดตั้งเลนส์ F2.8)
- การชดเชยแสง +/-5.0 EV (สามารถเลือกได้ 1/3EV, 1/2EV ขั้น)
- ความไวแสง ISO (RECOMMENDED EXPOSURE INDEX) ISO 100-25600
- ประเภทช่องมองภาพ ช่องมองภาพอิเล็กทรอนิกส์ (สี) ชนิด 0.39 นิ้ว
- จำนวนจุด 1 440 000 จุด
- การครอบคลุมขอบเขต 100%
- การปรับไดออปเตอร์ -4.0 ถึง +3.0 ม.-1
- ประเภท TFT LCD ชนิดกว้าง 3.0 นิ้ว
- จำนวนจุดทั้งหมด 921,600 จุด
- การขยายโฟกัส มี (5.9x, 11.7x)
- QUICK NAVI ได้
- CLEAR IMAGE ZOOM ประมาณ 2x
- ซูมดิจิตอล (ภาพนิ่ง) L: ประมาณ 4x,M: ประมาณ 5.7x,S: ประมาณ 8x
- ซูมดิจิตอล (ภาพยนตร์) ประมาณ 4x
- PLAYMEMORIES CAMERA APPS™ มี2
- โปรเซสเซอร์ภาพ BIONZ X™
- SMILE SHUTTER มี (สามารถเลือกได้ 3 ขั้น)
- ความเร็วชัตเตอร์ ภาพนิ่ง: 1/4000 ถึง 30 วินาที, บัลบ์, ภาพยนตร์: 1/4000 ถึง 1/4 (1/3 ขั้น) สูงถึง 1/60 ในโหมดอัตโนมัติ (สูงถึง 1/30 ในโหมดชัตเตอร์ช้าอัตโนมัติ)
- FLASH SYNC ความเร็ว 1/160 วินาที
- ม่านชัตเตอร์ด้านหน้าแบบอิเล็กทรอนิกส์ มี (เปิด/ปิด)
- STEADYSHOT ไม่สนับสนุน (สนับสนุนการป้องกันภาพสั่นไหวโดยเลนส์)
- การชดเชยแสงแฟลช +/- 3.0 EV (สลับได้ระหว่าง 1/3 และ 1/2 EV ขั้น)
- ความเร็วการขับเคลื่อนต่อเนื่อง (ประมาณ สูงสุด) 11 fps (ใน High Continuous Shooting)
- อินเตอร์เฟซคอมพิวเตอร์ Mass-storage, MTP, รีโมทคอมพิวเตอร์
- NFC™ รีโมทแตะครั้งเดียว, การแบ่งปันแตะครั้งเดียว
- MULTI INTERFACE SHOE ได้
- แบตเตอรี่ที่ให้มา แบตเตอรี่แพคแบบชาร์จได้ NP-FW50 W ซีรีส์
- ระยะเวลาการใช้งานแบตเตอรี่ (ภาพนิ่ง) สูงสุด 360 ภาพ
- การชาร์จแบตเตอรี่ภายใน ได้
- ขนาด (กว้าง X ยาว X สูง) 120 x 66.9 x 45.1 มม.
- น้ำหนัก (รวมแบตเตอรี่และการ์ดหน่วยความจำ) 285 ก. (ตัวกล้องเท่านั้น)/344 ก. (รวมแบตเตอรี่และมีเดีย)
- ดูบนสมาร์ทโฟน ได้
- ดูบนทีวี ได้
- ความสามารถการใช้งานไร้สายและเครือข่าย Wi-Fi
- ฟังก์ชัน NFC One-touch
- แอพกล้องที่ดาวน์โหลดได้

อินเตอร์เฟซ
- 4Kstill image PB
- BRAVIA Sync (ลิงก์เมนู)
- LAN ไร้สาย(ในตัว)
- Multi Interface Shoe
- NFC
- PhotoTV HD
- ขั้วต่อ Micro HDMI (Type-D)
- ช่องเสียบ Multi/Micro USB
- รีโมทคอมพิวเตอร์
ข้อมูลเฉพาะของ Sony กล้องดิจิตอล รุ่น A6000 KIT 16-50mm. สีเทา (ประกันร้าน EC-MALL)
แบรนด์SonySKUSO911ELAAEPJPLANTH-29818969ประเภทของการรับประกันมีการรับประกันจากผู้ขายประเภทของแบตเตอรี่แบตเตอรี่ชาร์จใหม่ได้และถอดได้ขนาดหน้าจอ3.0เมกะพิกเซล24.3ระยะเวลาการรับประกัน1 ปีออฟติคอลซูม4.0เรต ISO100–25600
ภายในกล่องสินค้า	Sony กล้องดิจิตอล รุ่น A6000 KIT 16-50mm. สีเทา (ประกันร้าน EC-MALL)",6
Fujifilm XT100,"เซนเซอร์รับภาพขนาด APS-C ความละเอียด 24 ล้านพิกเซล โดยเป็นแบบ Bayer ไม่ใช่ X-Trans CMOS
จุดโฟกัสแบบ Phase Detect 91 จุด สามารถติดตามวัตถุเคลื่อนที่ได้
หน้าจอสัมผัสขนาด 3 นิ้ว ความละเอียด 1.04 ล้านพิกเซล สามารถพับมาถ่าย Selfie ได้
สามารถเลือกโหมดสีเลียนแบบฟิล์มของฟูจิได้ 8 แบบ
ช่องมองภาพอิเล็กทรอนิกส์ความละเอียด 2.36 ล้านพิกเซล ให้ขนาดภาพ 0.93 เท่า
ความเร็วชัตเตอร์ 30 – 1/32000 วินาที
ความไวแสง ISO 100 – 51,200
สามารถถ่ายวิดีโอ 4K ได้ที่ 15 fps
มีช่องเสียบไมโครโฟน แต่ไม่มีช่องเสียบหูฟัง
สามารถส่งภาพผ่าน Bluetooth ที่ถ่ายเสร็จปุ๊บวิ่งเข้ามือถือทันทีโดยไม่ต้องเลือก
น้ำหนัก 448 กรัม
ข้อมูลเฉพาะของ Fujifilm XT100 Lens 15-45 MM Black (ประกัน1ปี) ถูกที่สุดในประเทศไทย
แบรนด์FujifilmSKU281049102_TH-455413978ประเภทของการรับประกันมีการรับประกันรุ่นFujifilm XT100 Lens 15-45 MM Black (ประกัน1ปี) ถูกที่สุดในประเทศไทยระยะเวลาการรับประกัน1 ปี
ภายในกล่องสินค้า	Fujifilm X-T100 Lens 15-45 MM,Li-ion battery NP-W126S AC power adapter Plug Adapter USB cable Shoulder strap Body cap Owner's manual Detachable Grip",6
กล้องถ่ายวิดีโอ 1080P มุมกว้างเลนส์หน้าจอ Selfie Vlogging Full HD ตรวจจับรอยยิ้มดิจิตอลกล้อง,"24mp 3.0 ""TFT LCD 1080 P FHD กล้องดิจิตอลที่มีที่กรองรังสียูวีและเลนส์มุมกว้าง
ซูมดิจิตอลและออปติคอล 4X ช่วยให้สามารถจับภาพได้อย่างถูกต้อง
รองรับการป้องกันการสั่นสะเทือนและการตรวจจับใบหน้าตรวจจับรอยยิ้ม.
พลิก LCD เหมาะกับการจับภาพวิดีโอการถ่ายภาพและเซลฟี
ไฟแฟลชในตัว 1/4 ""มาตรฐานเหมาะกับ monopods และขาตั้งกล้องส่วนใหญ่,คำอธิบาย:
24mp 3.0 ""TFT LCD 1080 P FHD กล้องดิจิตอลที่มีที่กรองรังสียูวีและเลนส์มุมกว้าง.
ซูมดิจิตอลและออปติคอล 4X ช่วยให้สามารถจับภาพได้อย่างถูกต้อง
flip LCD เหมาะกับการจับภาพวิดีโอการถ่ายภาพและเซลฟี
รองรับการป้องกันการสั่นสะเทือนและการตรวจจับใบหน้าตรวจจับรอยยิ้ม.
ไฟแฟลชในตัวมาตรฐาน 1/4 ""เหมาะกับ monopods และขาตั้งกล้องส่วนใหญ่

ข้อมูลจำเพาะ:
วัสดุ: พลาสติก
สี: ดำ
เซนเซอร์ถ่ายภาพ: 8.0mp CMOS, แม็กซ์ 24mp
หน้าจอ: 3 inch & nsp;
ซูม: ซูมภาพแบบดิจิทัล 4 เท่า
อินเทอร์เฟซ: USB
แบตเตอรี่: แบตเตอรี่ในตัว
ขนาด: ประมาณ 12 × 4 × 8 ซม.

ภายในบรรจุภัณฑ์ประกอบด้วย:
1 PC X กล้อง
1 PC x Charger
1 PC x สายข้อมูล
แบตเตอรี่ 1 PC x
1 PC x ที่กรองรังสียูวี
1 PC x lanyard
เลนส์มุมกว้าง 1 PC x

BR /> หมายเหตุ: & nbsp;
1. เนื่องจากความแตกต่างของแสงรายการ & #039; S สีอาจจะแตกต่างจากภาพเล็กน้อย
2. โปรดให้ค่าเบี่ยงเบนเล็กน้อยสำหรับข้อมูลการวัดและตรวจสอบให้แน่ใจว่าคุณไม่ทราบก่อนสั่งซื้อ
ข้อมูลเฉพาะของ กล้องถ่ายวิดีโอ 1080P มุมกว้างเลนส์หน้าจอ Selfie Vlogging Full HD ตรวจจับรอยยิ้มดิจิตอลกล้อง
แบรนด์OEMSKU537808076_TH-974152596ประเภทของการรับประกันไม่มีการประกันรุ่นCG21509ประเภทเซนเซอร์CMOS
ภายในกล่องสินค้า	1pc x camera 1pc x charger 1pc x data cable 1pc x battery 1pc x UV filter 1pc x lanyard 1pc x wide-angle lens",6
"Leica D-LUX 7 Black Silver (19115, EU Spec)","td {border: 1.0px solid #cccccc;}br {mso-data-placement: same-cell;} สินค้าของแท้ ราคาพิเศษ
รับประกันสินค้าโดย Digiwow 3 เดือน
ข้อมูลร้านค้า
เราเป็นร้านค้านำเข้ามือถือ กล้อง เลนส์ในระบบออนไลน์กว่า 6 ปี
จำหน่ายสินค้าไอทีเกือบ 2000 ชนิด
บางตัว Stock บางตัวนำเข้าจากต่างประเทศครับ
จึงใช้เวลาการจัดส่งนานกว่าปกติ
สินค้าทุกตัวเป็นของแท้ครับ
-
จัดส่งนานกว่าปกติ จัดส่งกี่วัน?
รับประกันสินค้าอย่างไร?
มีบริการผ่อนชำระไหม?
ติดต่อร้านช่องทางไหนได้บ้าง?
สามารถกดดูได้ที่
คำถามที่พบบ่อย : https://bit.ly/2mlXngX
ข้อมูลเฉพาะของ Leica D-LUX 7 Black Silver (19115, EU Spec)
แบรนด์LeicaSKU520428927_TH-925278850ประเภทของการรับประกันมีการรับประกันจากผู้ขายรุ่นLeica D-LUX 7 Black Silver (19115, EU Spec)ระยะเวลาการรับประกัน3 เดือน
ภายในกล่องสินค้า	Leica D-LUX 7 Black Silver (19115, EU Spec)",6
Andoer 43,"5 in 1: ทอง,เงิน,ขาว,ดำและโปร่งแสง
สะท้อนแสงที่มีห้าพื้นผิวสะท้อนแสงที่แตกต่างกันสามารถถูกใช้เพื่อเติมเต็มสะท้อนให้เห็นถึงการกระจาย, ดูดซับหรือทำให้แสงนุ่มนวล
เพื่อหักเหแสงเน้นรายละเอียดที่ต้องชัดเจน
โครงเหล็กทนทานและยืดหยุ่นสามารถพับเก็บได้ง่ายขนาดเล็ก
มาพร้อมกระเป๋าซิปสำหรับพกพาสะดวก,คุณสมบัติ:
5 in 1: ทอง,เงิน,ขาว,ดำและโปร่งแสง
สะท้อนแสงที่มีห้าพื้นผิวสะท้อนแสงที่แตกต่างกันสามารถถูกใช้เพื่อเติมเต็มสะท้อนให้เห็นถึงการกระจาย, ดูดซับหรือทำให้แสงนุ่มนวล
เพื่อหักเหแสงเน้นรายละเอียดที่ต้องชัดเจน
โครงเหล็กทนทานและยืดหยุ่นสามารถพับเก็บได้ง่ายขนาดเล็ก
มาพร้อมกระเป๋าซิปสำหรับพกพาสะดวก

ข้อมูลจำเพาะ:
พื้นผิว: ทอง,เงิน,ขาว,ดำและโปร่งแสง
รูปร่าง: ทรงกลม
ขนาด (เส้นผ่าศูนย์กลาง): ประมาณ 110 ซม./43 นิ้ว
ขนาดแพคเกจ: ประมาณ 40*40*4 cm/15.7*15.7 * 1.6in
น้ำหนักแพคเกจ: ประมาณ 700 กรัม/24.7 ออนซ์

รายการแพคเกจ:
1*5 ใน 1 แผ่นสะท้อนแสง
1 * กระเป๋าถือ

หมายเหตุ:
เนื่องจากความแตกต่างระหว่างจอภาพที่แตกต่างกัน, สีทองในภาพอาจไม่สะท้อนสีจริงของสินค้า
คุณจะได้รับเพียงหนึ่งสะท้อนสะท้อนรวบรวม 5 พื้นผิวที่มีสีที่แตกต่างกัน

ข้อมูลเฉพาะของ Andoer 43 110 ซม.แผ่น 5 ใน 1 (สีทอง,เงิน,ขาว,ดำ,โปร่งแสง) multi แบบพกพาการถ่ายภาพที่พับเก็บได้ Studio Photo แผ่นสะท้อนแสง
แบรนด์AndoerSKU474548135_TH-864976895ประเภทของการรับประกันไม่มีการประกันรุ่นBO YIN SHOP store-D870-2
ภายในกล่องสินค้า	1 x 5 in 1 Light Reflector,1 x Carrying Bag,",6
(Pre - Order) DJI Mavic Mini Combo Drone,"แบรนด์ดี. เจ. ไอ.SKU548448344_TH-993850752ประเภทของการรับประกันมีการรับประกันรุ่นDJI MAVIC-MINI-COMBOระยะเวลาการรับประกัน1 ปี
ภายในกล่องสินค้า	Aircraft x 1 , Remote Controller x 1 , Intelligent Flight Battery x 3 , Pair of Spare Propellers x 3 , Micro USB Cable x 2 , Gimbal Protector x 1 , RC Cable (Micro USB connector) x 1 , RC Cable (USB-C connector) x 1 , RC Cable (Lightning connector) x 1 , Pair of Spare Control Sticks x 1 , Spare Screw x 18 , Screwdriver x 1 , 360° Propeller Guard x 1 , Two-Way Charging Hub x 1 , DJI 18W USB Charger x 1 , Carrying Bag x 1",7
Mini Drone RC ขนาดเล็ก พับขาได้,"RC Quadcopter แบบพับได้สำหรับผู้เริ่มต้นมีความคล้ายคลึงกับ DJI drone-Spark รุ่นล่าสุด เพียงแฉแขนของเสียงพึมพำและคุณสามารถขับเสียงพึมพำได้อย่างง่ายดาย โหมดหัวขาดให้อิสระในการบินได้ทุกที่ที่คุณต้องการโดยไม่คำนึงถึงทิศทาง นอกจากนี้คุณยังสามารถสร้าง7เอฟเฟกต์ 3D ที่ยอดเยี่ยมและนำพวกมันกลับไปที่ต้นกำเนิดได้อย่างง่ายดายสามารถใช้วิดีโอสอนกับฝ่ายบริการลูกค้า
สี: ดำ
วัสดุลักษณะ: ABS
ช่อง: 4 ช่อง
ความถี่การกำหนดค่า: 2.4GHz

เวลาเที่ยวบินเป็นนาที: 25 นาที
ระยะการควบคุมระยะไกล: ประมาณ 800 เมตร
เวลาในการชาร์จ: 6 ชั่วโมง
วิธีการส่ง: FPV
การจดจำท่าทางการถ่ายภาพ: 1-5M
พิกเซลภาพถ่าย: 2048x1080P (2K)
ความละเอียดวิดีโอ: 4096 * 3072P (4K)
โหมดบันทึกภาพ: การควบคุมระยะไกล  +  การควบคุมแอป
เครื่องบินแบตเตอรี่แบบชาร์จไฟได้: แบตเตอรี่ลิเธียม 7.4V 2800mAh
ฟังก์ชั่น: ฟังก์ชั่นความสูงคงที่เที่ยวบินยาวบินขึ้นหนึ่งปุ่มเชื่อมโยงไปถึงปุ่มเดียวเพิ่มขึ้นและลดลงไปข้างหน้าและถอยหลังเที่ยวบินซ้ายและขวาพวงมาลัยโหมดหัวขาดเลนส์มุมกว้างถ่าย",7
Ray-E Aerial Photography Aircraft ,"1.เหมาะสำหรับการถ่ายภาพท่องเที่ยวกลางแจ้ง
2. เหมาะสำหรับให้ของขวัญ
3. 4Kกล้อง HD
4. ปุ่มเดียวเริ่มและหยุด
5. โหมดความสูงคงที่
6. การปรับมุมกล้อง
7. ปรับความเร็ว
8. 360 °พลิก
9. หากคุณมีคำถามใด ๆ โปรดติดต่อเราในเวลา,แบรนด์No BrandSKU536318006_TH-970144198ประเภทของการรับประกันไม่มีการประกันรุ่นTTWRJ001คุณสมบัติของ7Smart Return Homeความละเอียดวิดีโอ1080p
ภายในกล่องสินค้า	1 * เสียงพึมพำ 1 * การควบคุมระยะไกล 1 * ไขควงตัว 1 * ที่ชาร์จ 4 * กรอบป้องกัน 1 * คู่มือการใช้งาน 1 * แบตเตอรี่ 2 * แฟน หากคุณมีคำถามใด ๆ โปรดอย่าลังเลที่จะติดต่อเรา",7
Worldtech 32,"LED TV
ความละเอียดแบบ HD Ready (1366x768)
มุมมองกว้างสูงสุด 178 องศา
ช่องต่อ HDMI
VGA
ช่องต่อ USB
มาพร้อมกับระบบ Smart Energy Saving
Frame rate 60 Hz,แบรนด์WorldtechSKU240535957_TH-368793247ระยะเวลาการรับประกัน1 ปีประเภทของการรับประกันมีการรับประกันทีวีจอโค้งNoเทคโนโลยีไฟ LEDความละเอียดHD Ready (1366 x 768)จำนวนของพอร์ต HDMI2สมาร์ททีวีNoรุ่นWTTVAL32HDR220000Aจำนวนของพอร์ต USB2ขนาดจอแสดงผล (นิ้ว)32กล้องสามมิติNo
ภายในกล่องสินค้า	Worldtech LED TV (แอลอีดีทีวี) 32 นิ้ว",8
กล่องรับสัญญาณดาวเทียม PSI S2 HD,"ตัวเครื่องเล็กกระทัดรัด
เพิ่มช่องรายการอัตโนมัติด้วยระบบAuto OTA
หมดปัญหาช่องรายการหาย ย้ายความถี่
OTAมาตรฐารใหม่สำหรับเครื่องรับสัญญาณดาวเทียม
เมนูภาษาไทย ใช้งานง่าย
อัพเดทช่องอัตโนมัติ เปิดปิดระบบOTAได้
CPU Dual Coreประมวลผลเร็วขึ้น 15%
กินไฟน้อยลง 20%ประหยัดพลังงานมากขึ้น ( ใช้ไฟเพียง 6 วัตต์ )
รองรับช่องรายการในระบบHD(High Definition) 1080
รองรับการใช้งานในระบบKU-Bandรับชมได้กว่า 100 ช่อง
รองรับการใช้งานในระบบC-Bandรับชมได้กว่า 200 ช่อง
สัญญาณภาพOut put HDMI 1ช่อง ภาพคมชัด
สัญญาณภาพAV
บันทึกรายการโปรดได้ทุกเวลา ผ่านช่องเสียบUSB
ดูหนัง ฟังเพลง ได้จากช่องUSBด้านหลัง
รับชมช่องรายการ ดิจิตอลทีวี ผ่านระบบจานดาวเทียมได้ฟรี
รับประกัน 1 ปี,แบรนด์PSISKUPS903ELAAG7EXFANTH-33470521ประเภทของการรับประกันมีการรับประกันรุ่นS2ระยะเวลาการรับประกัน1 ปีตัวรับสัญญาณทีวีดาวเทียมสื่อสาร
ภายในกล่องสินค้า	1.เครื่องรับสัญญาณ PSI S2 HD 2.รีโมท 3.สาย HDMI 4.ถ่าน AAA 5.คู่มือการใช้งาน",8
GMMz กล่องรับสัญญาณดาวเทียม HD Smile -สีขาว,"กล่องรับสัญญาณทีวีดาวเทียม GMMz HD Smile คมชัดระดับ Full HD 1080Pให้ท่านได้รับชมรายการฟรีๆ แบบไม่มีรายเดือนได้ตลอด 24 ชั่วโมงชัดทุกช่อง ครบครันทั้ง หนัง การ์ตูน เพลง สารคดี เหมาะกบทุกเพศทุกวัยภาพคมชัดกว่าเดิม 5 เท่า ด้วยระบบ Full HD,แบรนด์GMMSKU276753952_TH-828856332ประเภทของการรับประกันการรับประกันจากโรงงานในประเทศรุ่นHD Smileระยะเวลาการรับประกัน1 ปีตัวรับสัญญาณทีวีDigital
ภายในกล่องสินค้า	เครื่องรับดาวเทียม GMMz HD smile / สายHDMI / สายAVTV / รีโมท / ถ่าน",8
กล่องรับสัญญาณดาวเทียม PSI S3 HYBRID SMART SATELLITE ส่งเคอรี่ Storetex Shop,"เชื่อมต่อกับอุปกรณ์ต่างๆ ผ่านพอร์ต USB 2.0 ไม่ว่าจะดูหนัง ฟังเพลง เปิดดูรูปภาพ ก็สามารถทำได้อย่างง่ายดาย
รองรับการเชื่อมต่อผ่าน HDMI ทำให้คุณเพลิดเพลินกับวิดีโอความละเอียดสูง และได้คุณภาพเสียงคมชัด
รองรับ WIFI สามารถดาวน์โหลดไฟล์และถ่ายโอนวิดีโอ Full HD และไฟล์ข้อมูลขนาดใหญ่ได้อย่างรวดเร็ว
เชื่อมต่อกับ Bluetooth มือถือเพื่อเปิดใช้งานรีโมทบนมือถือ และอุปกรณ์ที่ใช้เทคโนโลยี Bluetooth อื่นๆได้อย่างลงตัว
OTA อัพเดทช่องรายการอัตโนมัติ
Media Player เปิดไฟล์วิดีโอ และ รูปภาพ
YouTube รับชมรายการสุดโปรดผ่านยูทูป
Full HD รองรับความละเอียดสูงสุด
รายละเอียดสินค้า

เชื่อมต่อกับอุปกรณ์ต่างๆ ผ่านพอร์ต USB 2.0 ไม่ว่าจะดูหนัง ฟังเพลง เปิดดูรูปภาพ ก็สามารถทำได้อย่างง่ายดาย
รองรับการเชื่อมต่อผ่าน HDMI ทำให้คุณเพลิดเพลินกับวิดีโอความละเอียดสูง และได้คุณภาพเสียงคมชัด
รองรับ WIFI สามารถดาวน์โหลดไฟล์และถ่ายโอนวิดีโอ Full HD และไฟล์ข้อมูลขนาดใหญ่ได้อย่างรวดเร็ว
เชื่อมต่อกับ Bluetooth มือถือเพื่อเปิดใช้งานรีโมทบนมือถือ และอุปกรณ์ที่ใช้เทคโนโลยี Bluetooth อื่นๆได้อย่างลงตัว
คุณสมบัติ

OTA อัพเดทช่องรายการอัตโนมัติ
Media Player เปิดไฟล์วิดีโอ และ รูปภาพ
YouTube รับชมรายการสุดโปรดผ่านยูทูป
Full HD รองรับความละเอียดสูงสุด
สินค้าภายในกล่อง

กล่อง PSI S3 HYBRID
อแดปเตอร์ 12 V
รีโมท
ถ่าน 2 ก้อน
สายHDMI
คู่มือ",8
Worldtech 24,"LED TV
SLIM DESIGN
USB PLAY
DIGITAL SOUND
AV INPUT
HDMI
VGA,แบรนด์WorldtechSKU226474626_TH-346288111ระยะเวลาการรับประกัน1 ปีประเภทของการรับประกันมีการรับประกันทีวีจอโค้งNoเทคโนโลยีไฟ LEDความละเอียดHD Ready (1366 x 768)จำนวนของพอร์ต HDMI1สมาร์ททีวีNoรุ่นWTTVAL24HDR220000Bจำนวนของพอร์ต USB1ขนาดจอแสดงผล (นิ้ว)24กล้องสามมิติNo
ภายในกล่องสินค้า	LED TV 24 นิ้ว",8
Yaoyaofire 3-in-1,"ฟังก์ชั่น: หนึ่ง-ปุ่มเริ่ม,กวาด,mopping,เครื่องดูดฝุ่นสาม-in-one, 1800 Pa ดูดที่แข็งแกร่งมากขึ้นทำความสะอาดซับประสิทธิภาพการดูดซึมน้ำเป็นสิ่งที่ดี, พื้นเปียก mopping มีประสิทธิภาพมากขึ้น
ROBO VAC มีเซ็นเซอร์หน้าผาป้องกันการตกซึ่งจะตรวจจับช่องว่างโดยอัตโนมัติและไม่ให้ทำงานของบันได
USB ชาร์จทิศทางต่างๆขับรถซึ่งสามารถหลีกเลี่ยงอุปสรรคโดยอัตโนมัติและป้องกันการลดลง 40 เดซิเบลที่มีเสียงรบกวนต่ำและสนิทสนมจะไม่รบกวน
ผลิตภัณฑ์มีขนาดเล็กและสามารถตอบสนองต่อมุมที่ตายแล้วได้เช่นด้านล่างของโซฟา
ใช้ได้กับพื้น: พื้นแบนเช่นหินอ่อน,กระเบื้อง,พื้นไม้ฯลฯ,คุณลักษณะ:



-ผู้ช่วยเล็กๆน้อยๆที่ช่วยให้ฝุ่นและสิ่งสกปรกในการตรวจสอบกับความพยายามน้อยที่สุดที่ทำงานได้ดีที่สุดบนพื้นผิวแข็งและพรมชั้น
-มันมีโปรแกรมสมาร์ทตัวเองที่ค่อนข้างทำความสะอาดพื้นของคุณด้วยการนำทางเส้นทาง
-ตัวกรองเครื่องดูดฝุ่นอัตโนมัติช่วยให้อากาศบริสุทธิ์และดีผ้าเช็ดฝุ่นติดอยู่ภายในถังขยะ ไม่มีการออกแบบแปรงและการดูดที่มีประสิทธิภาพไม่อุดตันกับเส้นผมสุนัขหรือแมวเช่นหน่วยที่มีการหมุนภายใต้แปรง
-โหมดรูปแบบการทำความสะอาด: อัตโนมัติ/สุ่ม,เกลียว,ขอบ Built-in แบตเตอรี่แบบชาร์จไฟได้,คู่ปั่นด้านข้างแปรงยกเศษเหมาะสำหรับบ้านหรือสำนักงาน


ข้อมูลจำเพาะ:



แบตเตอรี่ลิเธียม: 3.7 V 1200 mAh
เวลาทำงาน: เกี่ยวกับ 100 นาที
เวลาในการชาร์จ: ประมาณ 150 นาที
พื้นที่ทำความสะอาด: 150m2
แรงดันไฟฟ้าทำงาน: 3.7 V
กำลังไฟ: 3 W
กล่องฝุ่น: ประมาณ 400 มล
ขนาด 10.2*2.6 นิ้ว",9
ถุงน้ำร้อนไฟฟ้า,"ร้อนเร็ว หลังจากเสียบปลั๊กภายใน 3-5 นาที
ให้ความร้อนได้นานถึง 2-8 ชั่วโมง
ใช้งานสะดวก ไม่ต้องเสียเวลาต้มน้ำ
สามารถสวมมือเข้าไปในกระเป๋าได้
ประคบร้อนบรรเทาปวดเมื่อยตามร่างกาย
ถุงน้ำร้อนไฟฟ้า กระเป๋าน้ำร้อนไฟฟ้า ลายการ์ตูน คลายหนาว แก้ปวดเมื่อย ช่วยลดอาการ ปวดประจำเดือน ลดบวม เพิ่มการหมุนเวียนโลหิต เพิ่มน้ำนมแม่ ถุงน้ำร้อน กระเป๋าน้ำร้อน ไฟฟ้า เสียบปลั๊ก Hello Kitty Rilakkuma Kumamon Doraemon เฮลโหล คิตตี้ ริลัคคุมะ ริรัคคุมะ ลิลัคคุมะ คุมะมง คุมะมน โดราเอม่อน โดเรม่อน
กระเป๋าน้ำร้อนไฟฟ้า ลวดลายการ์ตูนน่ารัก มีหลายแบบให้สะสม เย็บขอบสวย เดินตะเข็บดี สามารถสวมมือได้ ตัวถุงร้อนด้านในทำด้วยวัสดุทนความร้อน ได้มาตรฐานสากลยืดหยุนดีมากๆ และด้านนอก หุ้มด้วยผ้ากำมะหยี่ นิ่มๆ ทำให้เก็บความร้อนได้นานแถมยังประคบร้อนได้ทั้ง 2 ฝั่ง

คุณสมบัติ
บรรเทาอาการปวดประจำเดือน ปวดแขน สามารถสวมมือเข้าไปได้ แก้หนาว คลายหนาวใช้ประคบบรรเทาอาการปวดเมื่อย เช่น หลัง คอ ขา แขน มือ เท้า ชา ทำให้รู้สึกผ่อนคลายใช้งานง่ายมากพกพาสะดวก เลือกขนาดความร้อนได้ 2 ฝั่ง เอามือซุกได้ในขณะประคบท้อง ร้อนนาน เหมาะกับท่านที่พึ่งคลอดบุตร ท่านที่ต้องขับรถนานๆ รถติดแนะนำให้ชาร์ทไฟเสร็จนำขึ้นรถประคบหลัง ดีมาก ไม่เมื่อย ใช้ได้ทุกที่ ราคาประหยัด รับรองใช้แล้วจะติดใจ *** สำหรับท้านที่ใช้หลังคลอด มีประโยชน์มากค่ะ ช่วยไล่ลม เพิ่มการหมุนเวียนโลหิต",9
OTTO เครื่องดูดฝุ่น รุ่น HV-092 - หลากสี,"รายละเอียดสินค้า OTTO เครื่องดูดฝุ่น รุ่น HV-092 - หลากสี
OTTO เครื่องดูดฝุ่น รุ่น HV-092 - หลากสีคุณประโยชน์ครบครันในหนึ่งเดียวงานบ้านเหมือนงานชิล อวดสกิลทำความสะอาดบ้านให้เหนือกว่า ด้วยผู้ช่วยมือโปรอย่าง เครื่องดูดฝุ่น OTTO รุ่น HV-092 เครื่องดูดฝุ่น 2 In 1 ที่ให้คุณใช้งานได้มากกว่าตามต้องการ เข้าถึงพื้นที่ต่างๆ ได้มากกว่าที่เคย มาพร้อมอุปกรณ์เสริมครบครัน 3 แบบ จะใช้งานทั่วไปด้วยด้ามจับขนาดยาว หรือซอกซอนส่วนที่แคบกว่าด้วยด้ามจับมือถือก็สะดวก สามารถเคลื่อนยาย ประกอบ ถอด และทำความสะอาดง่าย จะจัดเก็บก็ทำได้อย่างประหยัดพื้นที่ ให้คุณรู้สึกดีกับพื้นที่ส่วนตัวที่สะอาดแบบง่ายๆ ไม่ต้องลงแรงมาก
ข้อมูลเฉพาะของ OTTO เครื่องดูดฝุ่น รุ่น HV-092 - หลากสี
แบรนด์OttoSKU299354306_TH-514180807ประเภทของการรับประกันมีการรับประกันรุ่นHV-092ระยะเวลาการรับประกัน1 ปี
ภายในกล่องสินค้า	เครื่องดูดฝุ่น รุ่น HV-092",9
OTTO เตารีดไฟฟ้า 1000W รุ่น EI-601 - Pink,"เตารีดไฟฟ้าดีไซน์สวย ทันสมัย
สามารถปรับระดับอุณหภูมิได้
หน้าเตาเคลือบ NON STICK ให้ความร้อนเร็ว
มี THERMOSTAT ควบคุมความร้อนให้สม่ำเสมอ
มีไฟแสดงสถานการณ์ทำงาน
คุณสมบัติเด่น


เตารีดไฟฟ้าดีไซน์สวย ทันสมัย รูปทรงกะทัดรัดช่วยให้คุณใช้งานในบ้านได้อย่างมีความสุข
คุณสามารถปรับอุณหภูมิของเตารีดได้เพื่อให้อุณหภูมิเหมาะสมกับชนิดของผ้า
เตารีดไฟฟ้า สามารถให้ความร้อนได้อย่างรวดเร็วด้วยการเคลือบ NONSTICK ช่วยให้คุณรีดผ้าได้รวดเร็วขึ้น และรีดได้อย่างราบลื่น
ออกแบบหัวเตารีดแบบใหม่ ให้สามารถเข้าตามซอกมุม เช่นระหว่างกระดุม ได้อย่างง่ายดาย
มี THERMOSTAT ซึ่งจะช่วยในการควบคุมความร้อนของเตารีดไฟฟ้าให้มีความร้อนอยู่สม่ำเสมอ
ขณะที่คุณกำลังรีดผ้า จะมีไฟแสดงสถานะขึ้นแสดงให้เห็นสถานการณ์ทำงานของเตารีด
คุณสามารถทำความสะอาดเตารีดรุ่นนี้ได้อย่างง่ายดายเพียงใช้ผ้าเช็ดทำความสะอาด และบริเวณหน้าเตาที่มีการเคลือบ NON STICKสามารถทำความสะอาดได้ง่าย




OTTO เตารีดไฟฟ้า1000W รุ่น EI-601 (สีชมพู) เนื่องจากเป็นเตารีดไฟฟ้ามีการทำความร้อนที่คงที่ ให้ความร้อนอย่างสม่ำเสมอในการรีดผ้าสามารถทำความร้อนได้รวดเร็วหลังจากเสียบปลั๊กไฟเพื่อใช้งานอีกทั้งบริเวณหน้าเตา แผ่นความร้อนยังเคลือบ NON STICKซึ่งให้ความร้อนเร็ว สามารถรีดผ้าได้เรียบ ไม่ติดผ้าและทำความสะอาดง่าย ให้งานรีดผ้าเป็นเรื่องง่ายๆ สำหรับแม่บ้าน",9
กางเกงสแลคชาย ผ้ายืด ทรงเดฟ B&B menswear กางเกงชิโน่ชาย กางเกงขายาวชาย Chino Pants ,"ผลิตจากประเทศไทย ส่งของจากประเทศไทย ได้รับของไว
มีหลากหลายขนาดให้เลือก
ผลิตจากผ้าวัสดุคุณภาพดี
ดีไซน์ทันสมัย
ไม่ระคายเคืองผิว
ผ้ายืด สวมใส่สบาย
งานตัดเย็บคุณภาพดี
ทรงเดฟ
เอวต่ำ
made in Thailand,แบรนด์B&B menswear & FashionSKUBB952FAAA2KG7PANTH-8536729เทรนด์แฟชั่นผู้ชายKOREAN,ปาร์ตี้,เรียบง่าย,สปอร์ต,ย้อนยุค,สำนักงาน,สตรีท,เรียบร้อยประเภทของรูปทรงSkinny,Skinnyประเภทของการรับประกันไม่มีการประกันLengthแบบยาวประเภทของแบรนด์เป็นทางการรุ่นB&B Menswear & Fashion Chino Skinnyแพทเทิร์นจืดPants Flyซิปวัสดุที่ใช้ผลิตเสื้อผ้าฝ้ายประเภทของเอวRegular
ภายในกล่องสินค้า	CHINO",10
กางเกงในชายแนวสปอร์ตเท่ห์ 7 สี M-4XL ผ้าเนื้อดี ใส่สบาย,"กางเกงในชายแนวสปอร์ตเท่ห์ลายสวยผ้าเนื้อดี ใส่สบาย
7 สี : ขาว , ดำ , น้ำเงิน , ทรมท่า , เทา , ส้ม , แดง
ไซส์ Mรอบเอว 27 นิ้ว - 31นิ้ว
ไซส์ L รอบเอว 31นิ้ว - 34นิ้ว
ไซส์ XL รอบเอว 34นิ้ว - 38นิ้ว
ไซส์ 2XL รอบเอว 38นิ้ว - 41นิ้ว
ไซส์ 3XL รอบเอว 41นิ้ว - 45 นิ้ว
ไซส์ 4XL รอบเอว 45นิ้ว - 48นิ้ว",10
เสื้อกันหนาวแฟชั่น เสื้อกันหนาวมีฮู้ด เนื้อผ้านุ่ม ใส่สบาย สีพื้นพร้อมลวดลายการ์ตูน VFA001,"สไตล์: พร็อพ
รูปแบบ: การ์ตูน
สไตล์: การป้องกันความเสี่ยง
ประเภทรุ่น: หลวม
แขนยาว: แขนยาว
ประเภทเสื้อ: กระโปรง / หมวก,แบรนด์URBAN PREVIEWSKU357546980_TH-701208770ประเภทของการรับประกันไม่มีการประกันแพทเทิร์นจืดวัสดุที่ใช้ผลิตเสื้อผ้าฝ้าย
ภายในกล่องสินค้า	shirts",10
Sustainable ของแท้ 100% พร้อมป้าย+กล่อง รองเท้าแตะ Kito Dance รุ่น AH21,"หน้าผ้าด้านนอก (Upper) ทำจาก EVA ชนิดพิเศษ อัดขึ้นรูปแข็งแรง
หน้าผ้าด้านใน (Lining) ซับด้วยวัสดุผ้าคุณภาพดี ให้ความนุ่มในการสัมผัส
พื้นบน (Insole) ทำจาก Phylon เบา ทนทานและยึดเกาะทุกพื้นผิวได้เป็นอย่างดี
พื้นล่าง (Outsole) ทำจาก Phylon เบา ทนทานและยึดเกาะทุกพื้นผิวได้เป็นอย่างดี
ลูกค้าจะเสียค่าขนส่งในอัตราที่ถูกที่สุดที่ทาง Lazada กำหนด เพราะรองเท้ามีน้ำหนักไม่เกิน 0.5 กิโลกรัม
ทางเรามีทีมงานที่คอยเช็คคุณภาพและความเรียบร้อยของรองเท้าทุกคู่ก่อนที่จะส่งถึงมือลูกค้าทุกคน มีการแพคสินค้าอย่างดี จัดส่งสินค้าทุกวัน ลูกค้ามั่นใจได้ว่าจะได้รับสินค้าอย่างรวดเร็ว
รองเท้ามีความคุ้มค่ากับราคา คุณภาพของรองเท้าอยู่ในระดับที่ดีมากหากเทียบกับราคาที่ลูกค้าจ่ายไป แต่คุณภาพอาจจะไม่ได้เทียบเท่ากับสินค้าราคาหลายพันบาทในห้างสรรพสินค้าค่ะ
ทางเราหวังเป็นอย่างยิ่งว่าลูกค้าจะพึงพอใจในคุณภาพของสินค้า และ จะมีโอกาสได้ให้บริการลูกค้าในครั้งต่อไปค่ะ :)
รองเท้าหน้าฝน รองเท้าใส่ในบ้าน รองเท้าแตะสีดำ รองเท้าแตะสีเทา รองเท้าแตะสีกรม รองเท้าแตะสีน้ำเงิน รองเท้าแตะสีขาว รองเท้าแตะแฟชั่น รองเท้าแตะแบบสวม รองเท้าลำลอง รองเท้าหน้าฝน รองเท้าแตะสวม รองเท้าแตะเบา รองเท้าแตะ Kito Dance AH21 รองเท้า Kito รองเท้าแตะผู้ชาย รองเท้าแตะผู้หญิง
ข้อมูลเฉพาะของ Sustainable ของแท้ 100% พร้อมป้าย+กล่อง รองเท้าแตะ Kito Dance รุ่น AH21 สีดำ สีขาว สีดำ สีกรม สีเทา สีแดง สีน้ำเงิน สีเขียวขี้ม้า สีเหลือง
แบรนด์kitoSKU265783792_TH-425156290ประเภทของการรับประกันไม่มีการประกันรุ่นKito Dance AH21วัสดุที่ใช้ผลิตเสื้อผ้าอื่นๆ",11
Alisa Shoes รองเท้าผ้าใบผู้ชาย รุ่น Y10,"*** แนะนำบวกเพิ่มหนึ่งไซส์จากไซส์ปกติค่ะ ***
ผลิตจากวัสดุคุณภาพดี
สวยสวมใส่ง่ายสบายเท้า
รูปทรงสวยทันสมัย
สวมใส่สบายดีไซน์เก๋เท่ไม่ซ้ำใคร,แบรนด์AlisaSKU260076316_TH-400527816ประเภทของการรับประกันไม่มีการประกัน
ภายในกล่องสินค้า	11 รุ่น Y10",11
AinaAas รองเท้าวิ่งชายรองเท้า Breathable ผู้ชายรองเท้า,"ประเภทสินค้า: รองเท้ากีฬาลมลำลอง
อายุที่ใช้บังคับ: ผู้ใหญ่
สไตล์: กีฬา
ฟังก์ชั่น: ดูดซับแรงกระแทก,ระบายอากาศ,น้ำหนักเบา,ทนต่อการสึกหรอ,ระงับกลิ่นกาย,ลื่น
เหมาะสำหรับฤดูกาล: ฤดูใบไม้ผลิฤดูใบไม้ร่วงฤดูหนาวฤดูร้อน
เพศที่ใช้บังคับ: ชาย
รูปแบบ: ธรรมดา
วัสดุด้านบน: ตาข่าย
วัสดุแต่เพียงผู้เดียว: ยาง",11
รองเท้าผ้าใบผู้ชาย สีดำ(black) ทรงยอดนิยม ฮิตตลอดกาล LIKE_CRAZY สวมใส่ง่ายสบาย พร้อมทุกจังหวะ!!!!,"SNEAKER - 11 สีดำ ทรงยอดนิยม ฮิตตลอดกาล !!!!
- มีไซส์ทั้งหมด 10ไซส์ มีตั้งแต่ 35-44
- สั่งผลิตจากโรงงานโดยตรง+++++++++++++++++++++++++++++++++++++++++++++++++++++++++++++++ - ทางร้านรับประกันทุกกรณี
-(วัดความยาวเท้าเป็นเซนติเมตรแล้วเทียบตามรูปด้านบนน่ะจ้ะ)
รับประกันสินค้า 100 %
Material : Canvas
น้ำหนัก 0.78 kg+++++++++++++++++++++++++++++++++++++++++++++++++++++++++++++++++++ขอบคุณลูกค้าทุกท่านที่อุดหนุนนะค่ะ ทางร้านดำเนินกิจการด้วยความสุจริตและตั้งใจอย่างเต็มที่ค่ะ++++++++++++++++++++++++++++++++++++++++++++++++++++++++++++++++++++,แบรนด์No BrandSKU267285494_TH-417638299เทรนด์แฟชั่นผู้ชายสปอร์ต,สตรีทfa_seasonSummerเหมาะสำหรับเหมาะกับทุกโอกาสปีที่ผลิต2019สไตล์รองเท้ากีฬาผ้าใบระยะเวลาการรับประกัน5 วันประเภทของการรับประกันมีการรับประกันประเภทของแบรนด์ไฮสตรีทรองเท้าผ้าใบหุ้มข้อปานกลางรุ่นVANSBLACKMen Shoes Closureผูกเชือกวัสดุที่ใช้ผลิตเสื้อผ้าฝ้ายวัสดุแคนวาส
ภายในกล่องสินค้า	รองเท้าใหม่",11
ผ้าปูที่นอน6ฟุต ชุดผ้าปูที่นอน 5ชิ้นรัดมุม ชุดที่นอน Fitted sheet (ลายผ้าปูเป็นลายเดียวกับผ้านวม) (รัดมุม เตียงสูง10นิ้ว)(ไม่รวมผ้าห่ม) No.,"ใช้กับเตียงสูงไม่เกิน 9-10นิ้ว
ผ้าcottonผสม ผ้าปูที่นอนเกรดเอเอ สินค้าดีมีคุณภาพ ราคาถูกๆสบายๆสีไม่ตก ผ้าไม่หดไม่ย้วย ไม่เป็นขน ผ้าหนานุ่มเบาบาง ผ้าปูหนาๆไม่ฉีกขาดง่าย ใช้งานได้ยาวๆ
***หมายเหตุ ชุดผ้าปูที่นอน ลายดอกหญ้าฟ้าคราม ใบว่านพื้นเทาหน้าแมวพื้นเทา Lighting Pink 4ลายนี้ผ้าปูและปลอกหมอนไม่มีระบายตรงขอบเหมือนในรูปนะคะ ของจริงจะเป็นแบบเรียบค่ะ
****หมายเหตุ
1.ชุดผ้าปูที่นอน ลายผ้าปูที่นอนจะเป็นลายเดียวกับผ้าห่มด้านนอกค่ะ
2.ชุดผ้านวม สินค้าจะเหมือนในรูปค่ะ สีอาจแตกต่างเล็กน้อยเนื่องจากการแสดงค่าบนหน้าจอของแต่ละเครื่องค่ะ
ขนาด 6ฟุต ได้5ชิ้น ผ้าปูที่นอน 1 ชิ้นปลอกหมอน 2ชิ้นปลอกหมอนข้าง 2ชิ้น
สนใจสอบถามได้ค่ะสินค้ามีพร้อมส่ง .. นะจร้า",12
ผ้าปูที่นอน6ฟุต ชุดผ้าปูที่นอน 5ชิ้นรัดมุม ชุดที่นอน Fitted sheet (ลายผ้าปูเป็นลายเดียวกับผ้านวม) (รัดมุม เตียงสูง10นิ้ว)(ไม่รวมผ้าห่ม),"เกรดเอเอ สินค้าดีมีคุณภาพ
สีไม่ตก ผ้าไม่หดไม่ย้วย ไม่เป็นขน
ผ้าหนานุ่ม ผ้าปูหนาๆไม่ฉีกขาดง่าย ใช้งานได้ยาวๆ
ผ้าไม่หดไม่ย้วย ไม่เป็นขน
ใช้กับเตียงสูงไม่เกิน 9-10นิ้ว
ชุดผ้าปูที่นอน
เกรดเอเอ สินค้าดีมีคุณภาพ ราคาถูกๆสบายๆ
สีไม่ตก ผ้าไม่หดไม่ย้วย ไม่เป็นขน ผ้าหนานุ่ม
เบาบาง ผ้าปูหนาๆไม่ฉีกขาดง่าย ใช้งานได้ยาวๆ
ผ้าcottonผสมโพลี
ขนาด 6ฟุต ==5ชิ้น
ผ้าปูที่นอน 1 ชิ้น
ปลอกหมอน 2ชิ้น
ปลอกหมอนข้าง 2ชิ้น
สนใจสอบถามได้ค่ะสินค้ามีพร้อมส่ง .. นะจร้า",12
ผ้าปูที่นอน5ฟุต ชุดผ้าปูที่นอน 5ชิ้นรัดมุม ชุดที่นอน Fitted sheet (ลายผ้าปูเป็นลายเดียวกับผ้านวม) (รัดมุม เตียงสูง10นิ้ว)(ไม่รวมผ้าห่ม) No.1,"เกรดเอเอ สินค้าดีมีคุณภาพ
สีไม่ตก ผ้าไม่หดไม่ย้วย ไม่เป็นขน
ผ้าหนานุ่ม ผ้าปูหนาๆไม่ฉีกขาดง่าย ใช้งานได้ยาวๆ
ผ้าไม่หดไม่ย้วย ไม่เป็นขน
ใช้กับเตียงสูงไม่เกิน 9-10นิ้ว
ชุดผ้าปูที่นอนเกรดเอเอ สินค้าดีมีคุณภาพ ราคาถูกๆสบายๆสีไม่ตก ผ้าไม่หดไม่ย้วย ไม่เป็นขน ผ้าหนานุ่มเบาบาง ผ้าปูหนาๆไม่ฉีกขาดง่าย ใช้งานได้ยาวๆ
ผ้าcottonผสมโพลี
ขนาด 5ฟุต ==5ชิ้นผ้าปูที่นอน 1 ชิ้นปลอกหมอน 2ชิ้นปลอกหมอนข้าง 2ชิ้นสนใจสอบถามได้ค่ะสินค้ามีพร้อมส่ง .. นะจร้า",12
ผ้าปูที่นอน5ฟุต ชุดผ้าปูที่นอน 5ชิ้นรัดมุม ชุดที่นอน Fitted sheet (ลายผ้าปูเป็นลายเดียวกับผ้านวม) (รัดมุม เตียงสูง10นิ้ว)(ไม่รวมผ้าห่ม) No.2,"เกรดเอเอ สินค้าดีมีคุณภาพ
สีไม่ตก ผ้าไม่หดไม่ย้วย ไม่เป็นขน
ผ้าหนานุ่ม ผ้าปูหนาๆไม่ฉีกขาดง่าย ใช้งานได้ยาวๆ
ผ้าไม่หดไม่ย้วย ไม่เป็นขน
ชุดผ้าปูที่นอน ลายผ้าปูจะเป็นลายเดียวกับผ้าห่มนะคะ
ใช้กับเตียงสูงไม่เกิน 8-9นิ้
ชุดผ้าปูที่นอนเกรดเอเอ สินค้าดีมีคุณภาพ ราคาถูกๆสบายๆสีไม่ตก ผ้าไม่หดไม่ย้วย ไม่เป็นขน ผ้าหนานุ่มเบาบาง ผ้าปูหนาๆไม่ฉีกขาดง่าย ใช้งานได้ยาวๆ
ผ้าcottonผสมโพลี
ขนาด 5ฟุต ==5ชิ้นผ้าปูที่นอน 1 ชิ้นปลอกหมอน 2ชิ้นปลอกหมอนข้าง 2ชิ้นสนใจสอบถามได้ค่ะสินค้ามีพร้อมส่ง .. นะจร้า
-ชุดผ้าปูที่นอน ลายผ้าปูจะเป็นลายเดียวกับผ้าห่มนะคะ",12
ผ้าห่มนวม ผ้าห่ม ขนาด 5 ฟุต ผ้าcotton ผ้านุ่ม ห่มสบาย ลายการ์ตูน ลายน่ารัก มีหลายลายให้เลือก เก็บเงินปลายทางได้ A,"ผ้าห่มนวม ขนาด 5 ฟุต (150x200 cm)
ผลิตด้วยผ้า cotton 100%
ผ้าหนา นุ่ม ห่มสบาย
ผ้าไม่ลอก ไม่เป็นขุย
ซักผ้าแล้วสีไม่ตก
สินค้าคุณภาพดี ราคาโรงงาน
เก็บเงินปลายทางได้
วิธีการซักผ้าห่มนวม อ่านในรายละเอียด
ผ้าห่มนวม ผ้าห่ม ขนาด 5 ฟุต
ผ้าห่มนวม ขนาด 5 ฟุต (150x200 cm)
ผลิตด้วยผ้า cotton 100%
ผ้าหนา นุ่ม ห่มสบาย
ผ้าไม่ลอก ไม่เป็นขุย
ซักผ้าแล้วสีไม่ตก
สินค้าคุณภาพดี ราคาโรงงาน
เก็บเงินปลายทางได้",12
ม่านห้องน้ำ ม่านพลาสติก PEVA,"ม่านพลาสติก PEVA ขนาด 180x180 ซม. (กว้างxสูง)
ผลิตจากวัสดุ PEVA 100% ซึ่งเป็นวัสดุที่เป็นมิตรต่อสิ่งแวดล้อม ปลอดสารพิษ ไร้กลิ่นอับ
เนื้อผ้ามีความอ่อนนุ่มและยืดหยุ่นได้ดี แข็งแรง ทนทาน ต่อการใช้งาน
ม่านไม่หนาและไม่บางจนเกินไป ผลิตจากวัสดุที่มีคุณภาพและได้มาตรฐาน
คุณสมบัติของม่าน PEVA ใช้กันสายตา กันน้ำ และกันเชื้อรา
เหมาะสำหรับใช้ในการแบ่งพื้นที่โซนเปียกและโซนแห้งในห้องน้ำ ช่วยตกแต่งห้องน้ำให้ดูสวยงาม และมากยิ่งขึ้น
ทำความสะอาดได้ง่าย มีน้ำหนักเบา และมีลวดลายสีสันที่สวยงาม
ตะขอแบบ C-Hook ของผ้าม่านมีความแข็งแรงทนทาน
ผ้าม่าน 1 ชุด มีตะขอ C-Hook แถมให้ 12 ตัว
* สินค้านี้ไม่มีราวแขวนแถมให้ ทางร้านค้า MYL มีราวแขวนขายแยก *
* ก่อนสั่งซื้อลูกค้าสามารถทักแชทร้านค้าใน Lazada หรือ Add Line : zany.myl เข้ามาสอบถามข้อมูลสินค้าได้นะคะ *
** กรณีลูกค้าสั่งซื้อสินค้าผิดสี ทางร้านไม่รับเปลี่ยนหรือรับคืนสินค้านะคะ ขอบคุณค่ะ **",13
HIKING ฝักบัวแรงดันสูง ฝักบัวเกาหลี ช่วยเพิ่มแรงดันน้ำ ,"ฝักบัวอาบน้ำแรงดันสูง โมเลกุลเล็ก ให้สายน้ำที่อ่อนนุ่ม อาบสบาย
ผลิตโดยใช้นาโนนวัตกรรม ควบคู่กับการออกแบบให้รูของน้ำมีขนาดเล็ก ละเอียด
ทำให้สายน้ำที่ไหลออกได้มาสัมผัสอ่อนนุ่ม ละมุนผิว
เพิ่มแรงดันน้ำมากกว่าฝักบัวทั่วไปถึง 5เท่า
รูน้ำขนาดเล็ก ละเอียด ช่วยประหยัดน้ำได้มากขึ้นถึง 30-50%
ใช้กับเครื่องทำน้ำอุ่นได้
ติดตั้งง่าย สามารถแทนที่ฝักบัวอันเก่าได้เลย,แบรนด์No BrandSKU326696802_TH-623220680ประเภทของการรับประกันไม่มีการประกันคุณสมบัติของกล่องเอนกประสงค์Waterproof,Water Resistantติดผนังเชื่อมต่อผ่านดอร์คกิ้งMaterialชุบทองเหลือง/เอบีเอสรุ่นHIKING ฝักบัวแรงดันสูง ฝักบัวเกาหลี ช่วยเพิ่มแรงดันน้ำ และประหยัดน้ำ SPA ENERGY Spray Shower Head ฝักบัวประหยัดน้ำ ฝักบัวอาบน้ำ (Silver)",13
ECOCO ALL IN ONE ที่บีบยาสีฟันอัตโนมัติพร้อมที่แขวนแปรงสีฟัน และแก้วน้ำ ติดง่าย ไม่ต้องเจาะผนัง ที่บีบยาสีฟัน ที่แขวนแปรงสีฟัน เครื่องบีบยาสีฟันอัตโนมัติ ที่กดหลอดยาสีฟัน ไม่มีกลิ่นเหม็น ชั้นวางของในห้องน้ำ,"เครื่องบีบยาสีฟันสูญญากาศ 2 ช่อง พร้อมที่แขวนแปรงสีฟัน 5 ด้าม และแก้วน้ำ4ใบ
ผลิตจากวัสดุธรรมชาติ ไม่มีกลิ่นเหม็น
เป็นระเบียบ
ทำให้การบีบยาสีฟันทำได้ง่าย ช่วยลดการสิ้นเปลืองยาสีฟัน
ที่แขวนแปรงช่วยทำให้เก็บแปรงแห้งและสะอาด
ไม่ต้องใช้แบตเตอรี่ในการทำงาน เหมาะกับหลอดยาสีฟันขนาดมาตรฐาน
ไม่ต้องเจาะผนัง
แผ่นสติ๊กเกอร์กาวนาโน ติดแน่น ติดทน
ยึดติดกับพื้นกระเบื้องกระจกและพื้นเรียบๆได้ดี ไม่ทำลายพิ้นผิว ช่วยประหยัดพื้นที่",13
 เครื่องชั่งน้ำหนักดิจิตอล 0.1-180KG แสดงอุณหภูมิ (แถมสายวัด),"ตัวเครื่องทำจากกระจกนิรภัย
ดีไซน์สวย พรีเมี่ยมหรูหรา น่ารัก
หน้าจอแสดงผลชัดเจน มีจุดทศนิยม
รับรองน้ำหนักได้มาก
พกพา เคลื่อนย้ายได้สะดวก
รูปทรงไม่ซ้ำ จำเจ เหมือนตาชั่งทั่วไป
สามารถวัดอุณหภูมิได้
จอแสดงผล: จอแสดงผลคริสตัลเหลว LED, แสงไฟที่มีอุณหภูมิ
ขนาดหน้าจอ: 260 มม. * 260 มม
ประเภทแบตเตอรี่: แบตเตอรี่ 2 ก้อน
วัสดุร่างกาย: วัสดุ ABS
วัสดุแก้ว: กระจกนิรภัยที่มีความแข็งแรงสูง
น้ำหนักสุทธิ: ประมาณ 1.55 กิโลกรัม
ความหนาของกระจก: 6mm
ช่วงการชั่ง: 0.1-180KG
ค่าที่สำเร็จการศึกษา: 0.1KG
วัสดุเท้า: วัสดุที่เป็นมิตรกับสิ่งแวดล้อมลื่น",13
(เลือกสีได้)ที่แขวนไม้กวาด ไม้ถูพื้น แร็คจัดเก็บอุปกรณ์ สะดวก อุปกรณ์แขวน ที่แขวน ที่วาง ที่วางไม้กวาด จัดเก็บ อุปกรณ์จัดเก็บของ ที่เก็บของ ที่แขวนของ ที่แขวนติดผนังบ้าน ที่แขวนติดผนังไม้กวาด ที่แขวนติดผนังไม้ถู ไม้ถู ไม้ม็อป ไม้กวาด FamilyShop1999,"ที่แขวนไม้กวาด ไม้ถูพื้น
✅คุณสมบัติ✅
วัสดุ : พลาสติก+ABS+ยาง
ขนาด : 6.00 x 4.50 x 2.50 เซนติเมตร
อุปกรณ์สำหรับเก็บเครื่องมือ ไม้กวาด ไม้ถูพื้น ไม้ม็อป หรืออื่นๆ

ที่แขวนไม้กวาด ไม้ถูพื้น

✅คุณสมบัติ✅

วัสดุ : พลาสติก+ABS+ยาง

ขนาด : 6.00 x 4.50 x 2.50 เซนติเมตร
อุปกรณ์สำหรับเก็บเครื่องมือ ไม้กวาด ไม้ถูพื้น ไม้ม็อป หรืออื่นๆ",13
