,index,Product_Name
0,0,NOTEBOOK (โน้ตบุ๊ค) ASUS VIVOBOOK 15 X512DA-EJ139T (TRANSPARENT SILVER)
0,1,NOTEBOOK (โน้ตบุ๊ค) ACER ASPIRE 3 A315-55G-53CJ (BLACK)
0,2,NOTEBOOK (โน้ตบุ๊ค) ASUS VIVOBOOK 15 X512DA-EJ142T (CORAL CRUSH)
0,3,NOTEBOOK (โน้ตบุ๊ค) HP 15S-FQ1012TU (SILVER)
0,4,NOTEBOOK (โน้ตบุ๊ค) DELL INSPIRON 7591-W567015001THW10 (SILVER)
0,5,NOTEBOOK (โน้ตบุ๊ค) ASUS VIVOBOOK 14 X412FL-EK084T (TRANSPARENT SILVER)
0,6,NOTEBOOK (โน้ตบุ๊ค) LENOVO IDEAPAD S540-14IML-81NF002TTA (MINERAL GRAY)
0,7,NOTEBOOK (โน้ตบุ๊ค) ASUS VIVOBOOK 15 X512DA-EJ767T (TRANSPARENT SILVER)
0,8,NOTEBOOK (โน้ตบุ๊ค) HP 14S-DK0110AU (SILVER)
0,9,NOTEBOOK (โน้ตบุ๊ค) ASUS LAPTOP 15 M509DA-EJ085T (SILVER)
0,10,NOTEBOOK (โน้ตบุ๊ค) DELL INSPIRON 7472-W56795261RTHW10 (GRAY)
0,11,NOTEBOOK (โน้ตบุ๊ค) ASUS VIVOBOOK 14 X412FJ-EK217T (PEACOCK BLUE)
0,12,NOTEBOOK (โน้ตบุ๊ค) DELL INSPIRON 7472-W56795261RTHW10 (GOLD)
0,13,NOTEBOOK (โน้ตบุ๊ค) DELL INSPIRON 5391-W566051012PTHW10 (SILVER)
0,14,NOTEBOOK (โน้ตบุ๊ค) DELL XPS 13 9380-W56701607THW10 (SILVER)
0,15,NOTEBOOK (โน้ตบุ๊ค) DELL INSPIRON 3593-W566055131OPPTHW10 (BLACK)
0,16,NOTEBOOK (โน้ตบุ๊ค) ACER ASPIRE A315-53G-59ZG (BLACK)
0,17,NOTEBOOK (โน้ตบุ๊ค) ASUS VIVOBOOK 15 X512DA-EJ769T (PEACOCK BLUE)
0,18,NOTEBOOK (โน้ตบุ๊ค) HP PAVILION 15-EC0033AX (ULTRA VIOLET)
0,19,NOTEBOOK (โน้ตบุ๊ค) ASUS VIVOBOOK 14 X412FJ-EK215T (TRANSPARENT SILVER)
0,20,NOTEBOOK (โน้ตบุ๊ค) MICROSOFT SURFACE LAPTOP 2 - I5-8250U/8/128
0,21,NOTEBOOK (โน้ตบุ๊ค) ASUS LAPTOP 14 X409FA-BV017T (SLATE GRAY)
0,22,NOTEBOOK (โน้ตบุ๊ค) HP 14S-DQ0000TU (SILVER)
0,23,NOTEBOOK (โน้ตบุ๊ค) ASUS LAPTOP 14 X409FL-EK023T (SLATE GRAY)
0,24,NOTEBOOK (โน้ตบุ๊ค) ASUS VIVOBOOK 14 X412FJ-EK216T (SLATE GRAY)
0,25,NOTEBOOK (โน้ตบุ๊ค) HUAWEI MATEBOOK X PRO MACH-W19B (SILVER)
0,26,NOTEBOOK (โน้ตบุ๊ค) ASUS VIVOBOOK 15 X512DA-EJ768T (SLATE GRAY)
0,27,NOTEBOOK (โน้ตบุ๊ค) HP 15-DB1049AU (SILVER)
0,28,NOTEBOOK (โน้ตบุ๊ค) MICROSOFT SURFACE LAPTOP 2 - I7-8650U/8/256
0,29,NOTEBOOK (โน้ตบุ๊ค) ASUS VIVOBOOK 14 X412DA-EK330T (TRANSPARENT SILVER)
0,30,NOTEBOOK (โน้ตบุ๊ค) HP 15S-EQ0000AU (SILVER)
0,31,NOTEBOOK (โน้ตบุ๊ค) DELL INSPIRON 7591-W567015003THW10 (SILVER)
0,32,NOTEBOOK (โน้ตบุ๊ค) ASUS VIVOBOOK 14 X412DA-EK333T (TRANSPARENT SILVER)
0,33,NOTEBOOK (โน้ตบุ๊ค) DELL XPS 13-W56795604THW10 (SILVER)
0,34,NOTEBOOK (โน้ตบุ๊ค) ASUS VIVOBOOK 14 X412DA-EK335T (PEACOCK BLUE)
0,35,NOTEBOOK (โน้ตบุ๊ค) ASUS LAPTOP 15 M509DA-EJ084T (GRAY)
0,36,NOTEBOOK (โน้ตบุ๊ค) HP 15S-FQ1001TU (SILVER)
0,37,NOTEBOOK (โน้ตบุ๊ค) LENOVO IDEAPAD S540-14API-81NH008QTA (MINERAL GRAY)
0,38,NOTEBOOK (โน้ตบุ๊ค) ASUS LAPTOP 14 X409FL-EK022T (TRANSPARENT SILVER)
0,39,NOTEBOOK (โน้ตบุ๊ค) ASUS M570DD-DM032T
0,40,NOTEBOOK (โน้ตบุ๊ค) ASUS VIVOBOOK 14 X412DA-EK337T (SLATE GRAY)
0,41,NOTEBOOK (โน้ตบุ๊ค) DELL INSPIRON 7490-W56705107THW10 (ICE BERRY)
0,42,NOTEBOOK (โน้ตบุ๊ค) ASUS VIVOBOOK 14 X412DA-EK338T (PEACOCK BLUE)
0,43,NOTEBOOK (โน้ตบุ๊ค) DELL INSPIRON 3585-W566015214B2THW10 (BLACK)
0,44,NOTEBOOK (โน้ตบุ๊ค) ASUS LAPTOP 15 X509FJ-BR012T (TRANSPARENT SILVER)
0,45,NOTEBOOK (โน้ตบุ๊ค) ASUS VIVOBOOK 14 X412DA-EK331T (SLATE GRAY)
0,46,NOTEBOOK (โน้ตบุ๊ค) ASUS VIVOBOOK 14 X412DA-EK336T (TRANSPARENT SILVER)
0,47,NOTEBOOK (โน้ตบุ๊ค) ASUS VIVOBOOK 14 X412DA-EK334T (SLATE GRAY)
0,48,NOTEBOOK (โน้ตบุ๊ค) HP 15S-EQ0001AU (SILVER)
0,49,NOTEBOOK (โน้ตบุ๊ค) ACER SWIFT SF514-54GT-70Z0 (WHITE)
0,50,NOTEBOOK (โน้ตบุ๊ค) ASUS LAPTOP 14 X409FJ-BV002T (TRANSPARENT SILVER)
0,51,NOTEBOOK (โน้ตบุ๊ค) ASUS LAPTOP 14 X409FJ-BV003T (SLATE GRAY)
0,52,NOTEBOOK (โน้ตบุ๊ค) ASUS M509DA-EJ195T (SILVER)
0,53,NOTEBOOK (โน้ตบุ๊ค) ACER ASPIRE 3 A314-41-94GC (BLACK)
0,54,NOTEBOOK (โน้ตบุ๊ค) ASUS VIVOBOOK 15 X512DA-EJ1020T (PEACOCK BLUE)
0,55,NOTEBOOK (โน้ตบุ๊ค) DELL INSPIRON 5391-W566051012PTHW10 (PURPLE)
0,56,NOTEBOOK (โน้ตบุ๊ค) ASUS VIVOBOOK 15 X512DA-EJ1015T (TRANSPARENT SILVER)
0,57,NOTEBOOK (โน้ตบุ๊ค) LENOVO IDEAPAD L340-15API-81LW00BRTA (GRANITE BLACK)
0,58,NOTEBOOK (โน้ตบุ๊ค) ASUS VIVOBOOK 15 X512DA-EJ1021T (CORAL CRUSH)
0,59,NOTEBOOK (โน้ตบุ๊ค) ASUS M409DA-EK105T (SILVER)
0,60,NOTEBOOK (โน้ตบุ๊ค) ACER SWIFT 3 SF314-57G-5338 (BLUE)
0,61,NOTEBOOK (โน้ตบุ๊ค) ASUS X509FA-BR032T
0,62,NOTEBOOK (โน้ตบุ๊ค) CONCEPTD 7 PRO CN715-71P-75T5 (WHITE)
0,63,NOTEBOOK (โน้ตบุ๊ค) ASUS M409DA-EK104T (GRAY)
0,64,NOTEBOOK (โน้ตบุ๊ค) ACER SWIFT SF314-57G-71FN (BLUE)
0,65,NOTEBOOK (โน้ตบุ๊ค) ASUS X509FA-BR030T
0,66,NOTEBOOK (โน้ตบุ๊ค) DELL INSPIRON 5490-W56605325THW10 (PURPLE)
0,67,NOTEBOOK (โน้ตบุ๊ค) DELL INSPIRON 3593-W566055131OPPTHW10
0,68,NOTEBOOK (โน้ตบุ๊ค) ACER SWIFT SF314-57G-72A2 (PINK)
0,69,NOTEBOOK (โน้ตบุ๊ค) ACER ASPIRE A315-55G-33B7 (BLACK)
0,70,NOTEBOOK (โน้ตบุ๊ค) MICROSOFT SURFACE LAPTOP 3 - I5-1035G7/8/256 (BLACK)
0,71,NOTEBOOK (โน้ตบุ๊ค) ASUS VIVOBOOK 14 X412FL-EK086T (PEACOCK BLUE)
0,72,NOTEBOOK (โน้ตบุ๊ค) ACER ASPIRE 5 A514-51G-523V (SPARKLY SILVER)
0,73,NOTEBOOK (โน้ตบุ๊ค) ACER NITRO AN515-54-53DG (BLACK)
0,74,NOTEBOOK (โน้ตบุ๊ค) DELL INSPIRON 3593-W566055149THW10 (SILVER)
0,75,NOTEBOOK (โน้ตบุ๊ค) ASUS ZENBOOK PRO DUO UX581GV-H2003R (CELESTIAL BLUE)
0,76,NOTEBOOK (โน้ตบุ๊ค) DELL INSPIRON 3493-W566054115PTHW10 (BLACK)
0,77,NOTEBOOK (โน้ตบุ๊ค) ASUS VIVOBOOK 14 X412FA-EK839T (PEACOCK BLUE)
0,78,NOTEBOOK (โน้ตบุ๊ค) LENOVO IDEAPAD S145-14AST-81ST006TTA (PLATINUM GRAY)
0,79,NOTEBOOK (โน้ตบุ๊ค) DELL W566014120OPPTHW10_3481_SL_W+C (SILVER)
0,80,NOTEBOOK (โน้ตบุ๊ค) DELL INSPIRON 3481-W566014120OPPTHW10 (BLACK)
0,81,NOTEBOOK (โน้ตบุ๊ค) CONCEPTD 3 PRO CN315-71P-55AD (WHITE)
0,82,NOTEBOOK (โน้ตบุ๊ค) HP ENVY 13-aq1026TX (SILVER)
0,83,NOTEBOOK (โน้ตบุ๊ค) ACER Aspire A315-54K-31UG (SHALE BLACK)
0,84,NOTEBOOK (โน้ตบุ๊ค) DELL XPS13-SNSX739001 (Silver)
0,85,NOTEBOOK (โน้ตบุ๊ค) ACER ASPIRE A315-42-R2B4 (SHALE BLACK)
0,86,NOTEBOOK (โน้ตบุ๊ค) ASUS X509FA-EJ643T (SILVER)
0,87,NOTEBOOK (โน้ตบุ๊ค) ASUS X509FA-EJ644T (SLATE GRAY)
0,88,NOTEBOOK (โน้ตบุ๊ค) ACER SWIFT SF514-54T-783P (MOONSTONE WHITE)
0,89,NOTEBOOK (โน้ตบุ๊ค) ACER ASPIRE A315-55G-31ZA (CHARCOAL BLACK)
0,90,NOTEBOOK (โน้ตบุ๊ค) ASUS VIVOBOOK 14 X412FA-EK837T (TRANSPARENT SILVER)
0,91,NOTEBOOK (โน้ตบุ๊ค) CONCEPTD 5 PRO CN515-71P-72MH (BLACK)
0,92,NOTEBOOK (โน้ตบุ๊ค) ASUS VIVOBOOK 14 X412FA-EK838T (SLATE GRAY)
0,93,NOTEBOOK (โน้ตบุ๊ค) Dell Inspiron 3493-W566054131PTHW10 (BLACK)
0,94,NOTEBOOK (โน้ตบุ๊ค) ACER ASPIRE 3 A315-42-R9HW (BLACK)
0,95,NOTEBOOK (โน้ตบุ๊ค) ACER ASPIRE A315-55KG-30UU (CHARCOAL BLACK)
0,96,NOTEBOOK (โน้ตบุ๊ค) ACER ASPIRE 3 A315-22-90B3 (BLACK)
0,97,NOTEBOOK (โน้ตบุ๊ค) ACER ASPIRE A315-42-R9BR (BLACK)
0,98,NOTEBOOK (โน้ตบุ๊ค) ACER ASPIRE A315-42-R2L3 (BLACK)
0,99,NOTEBOOK (โน้ตบุ๊ค) ACER ASPIRE A315-55KG-317M (CHARCOAL BLACK)
0,100,NOTEBOOK (โน้ตบุ๊ค) HP ENVY-13-AQ1025TX (NATURAL SILVER)
0,144,NOTEBOOK (โน้ตบุ๊ค) ASUS TUF GAMING FX505DU-AL052T (STEALTH BLACK)
0,145,NOTEBOOK (โน้ตบุ๊ค) ASUS TUF GAMING FX505DT-AL043T (STEALTH BLACK)
0,146,NOTEBOOK (โน้ตบุ๊ค) ASUS TUF GAMING FX505DT-AL106T
0,147,NOTEBOOK (โน้ตบุ๊ค) MSI GF63 THIN 9SC-296TH
0,148,NOTEBOOK (โน้ตบุ๊ค) MSI ALPHA 15 A3DD-014TH
0,149,NOTEBOOK (โน้ตบุ๊ค) ACER NITRO 5 AN515-43-R1N1 (BLACK)
0,150,NOTEBOOK (โน้ตบุ๊ค) ACER NITRO AN515-54-546A (BLACK)
0,151,NOTEBOOK (โน้ตบุ๊ค) ASUS ROG STRIX HERO III G531GW-AZ201T
0,152,NOTEBOOK (โน้ตบุ๊ค) ASUS TUF GAMING FX505DV-AL056T
0,153,NOTEBOOK (โน้ตบุ๊ค) ACER NITRO AN515-54-53RW (BLACK)
0,154,NOTEBOOK (โน้ตบุ๊ค) ACER NITRO 7 AN715-51-53UV (BLACK)
0,155,NOTEBOOK (โน้ตบุ๊ค) LENOVO LEGION Y530-15ICH-81FV01CPTA (BLACK)
0,156,NOTEBOOK (โน้ตบุ๊ค) ASUS ROG ZEPHYRUS G GA502DU-AL025T
0,157,NOTEBOOK (โน้ตบุ๊ค) LENOVO Y7000SE-81T00011TA
0,158,NOTEBOOK (โน้ตบุ๊ค) ACER NITRO 5 AN515-43-R0T3 (BLACK)
0,159,NOTEBOOK (โน้ตบุ๊ค) ASUS ROG ZEPHYRUS G GA502DU-AZ051T
0,160,NOTEBOOK (โน้ตบุ๊ค) ASUS ROG STRIX HERO III G531GW-AZ202T
0,161,NOTEBOOK (โน้ตบุ๊ค) ASUS ROG HERO III G531GV-AZ158T
0,162,NOTEBOOK (โน้ตบุ๊ค) ACER NITRO AN715-51-76SY (BLACK)
0,163,NOTEBOOK (โน้ตบุ๊ค) LENOVO IDEAPAD L340-17IRH-81LL006YTA
0,164,NOTEBOOK (โน้ตบุ๊ค) ACER NITRO AN515-54-70Z5 (BLACK)
0,165,NOTEBOOK (โน้ตบุ๊ค) ASUS ROG STRIX G G731GU-EV231T
0,166,NOTEBOOK (โน้ตบุ๊ค) HP PAVILION 15-EC0012AX (GREEN)
0,167,NOTEBOOK (โน้ตบุ๊ค) ACER NITRO AN715-51-79G1 (BLACK)
0,168,NOTEBOOK (โน้ตบุ๊ค) ACER NITRO AN515-54-7826
0,169,NOTEBOOK (โน้ตบุ๊ค) ACER NITRO AN515-54-72FN (BLACK)
0,170,NOTEBOOK (โน้ตบุ๊ค) ACER NITRO 5 AN515-43-R19J (BLACK)
0,171,NOTEBOOK (โน้ตบุ๊ค) ASUS ROG STRIX HERO III G531GW-AZ288T
0,172,NOTEBOOK (โน้ตบุ๊ค) ACER NITRO 5 AN515-54-54YH (BLACK)
0,173,NOTEBOOK (โน้ตบุ๊ค) LENOVO L340-17IRH-81LL008HTA (BLACK)
0,174,NOTEBOOK (โน้ตบุ๊ค) LENOVO IDEAPAD L340-15IRH-81LK00LMTA
0,175,NOTEBOOK (โน้ตบุ๊ค) LENOVO LEGION Y540-15IRH-81SY00LATA
0,176,NOTEBOOK (โน้ตบุ๊ค) LENOVO IDEAPAD L340-15IRH-81LK012KTA (GRANITE BLACK)
0,177,NOTEBOOK (โน้ตบุ๊ค) DELL INSPIRON G5-W5660557051PTHW10 (BLACK)
0,178,NOTEBOOK (โน้ตบุ๊ค) MSI GL65 9SC-059TH
0,179,NOTEBOOK (โน้ตบุ๊ค) LENOVO IDEAPAD L340-15IRH-81LK00W8TA (GRANITE BLACK)
0,180,NOTEBOOK (โน้ตบุ๊ค) MSI ALPHA 15 A3DD-231TH
0,508,NOTEBOOK (โน้ตบุ๊ค) ACER SWIFT SF314-56G-589T
0,509,NOTEBOOK (โน้ตบุ๊ค) ACER SWIFT 5 SF514-54GT-5608 (BLUE)
0,510,NOTEBOOK (โน้ตบุ๊ค) ASUS ZENBOOK 14 UM431DA-AM038T
0,511,NOTEBOOK (โน้ตบุ๊ค) MSI PRESTIGE 14 A10SC-003TH
0,512,NOTEBOOK (โน้ตบุ๊ค) LENOVO S540-14IWL-81ND0018TA (GRAY)
0,513,NOTEBOOK (โน้ตบุ๊ค) LENOVO 530S-14IKB-81EU00MRTA (GRAY)
0,514,NOTEBOOK (โน้ตบุ๊ค) ACER SWIFT SF314-41-R4PZ (SILVER)
0,515,NOTEBOOK (โน้ตบุ๊ค) LENOVO IDEAPAD S340-15API-81NC00B1TA (GRAY)
0,516,NOTEBOOK (โน้ตบุ๊ค) ACER SWIFT 3 SF314-57G-524M (STEEL GRAY)
0,517,NOTEBOOK (โน้ตบุ๊ค) MSI MODERN 15 A10M-064TH
0,518,NOTEBOOK (โน้ตบุ๊ค) MSI MODERN 15 A10RB-008TH (BLACK)
0,519,NOTEBOOK (โน้ตบุ๊ค) LENOVO IDEAPAD S530-13IWL-81J700B2TA (MINERAL GRAY)
0,520,NOTEBOOK (โน้ตบุ๊ค) ACER SWIFT 3 SF314-57-32PH (STEEL GRAY)
0,521,NOTEBOOK (โน้ตบุ๊ค) ASUS ZENBOOK 14 UM431DA-AM011T (UTOPIA BLUE METAL)
0,522,NOTEBOOK (โน้ตบุ๊ค) ASUS ZENBOOK DUO UX481FL-BM062T (CELESTIAL BLUE)
0,523,NOTEBOOK (โน้ตบุ๊ค) ACER SWIFT 5 SF514-54GT-701J (BLUE)
0,524,NOTEBOOK (โน้ตบุ๊ค) ACER SWIFT 3 SF314-57G-75GE (MILLENNIAL PINK)
0,525,NOTEBOOK (โน้ตบุ๊ค) ACER SWIFT 5 SF514-54GT-70DM (BLUE)
0,526,NOTEBOOK (โน้ตบุ๊ค) MSI MODERN 14 A10RB-675TH (SILVER)
0,527,NOTEBOOK (โน้ตบุ๊ค) MSI PRESTIGE 15 A10SC-067TH
0,528,NOTEBOOK (โน้ตบุ๊ค) ACER SWIFT 7 SF714-52T-71M0 (MOONSTONE WHITE)
0,529,NOTEBOOK (โน้ตบุ๊ค) ASUS ZENBOOK 14 UM433DA-A5021T (ICICLE SILVER)
0,530,NOTEBOOK (โน้ตบุ๊ค) ACER SWIFT 7 SF714-52T-72QU (STARFIELD BLACK)
0,531,NOTEBOOK (โน้ตบุ๊ค) ASUS ZENBOOK 14 UX434FAC-A6064T (ROYAL BLUE)
0,532,NOTEBOOK 2 IN 1 (โน้ตบุ๊คแบบฝาพับ 360 องศา) DELL XPS 15-W56795403THW10 (SILVER)
0,533,NOTEBOOK (โน้ตบุ๊ค) ACER SWIFT 3 SF314-57G-77WL (STEEL GRAY)
0,534,NOTEBOOK (โน้ตบุ๊ค) ACER SWIFT 3 SF314-56G-58BM (LAVA RED)
0,535,NOTEBOOK (โน้ตบุ๊ค) ASUS ZENBOOK 14 UM433DA-A5029T (ICICLE SILVER)
0,536,NOTEBOOK (โน้ตบุ๊ค) MSI PRESTIGE 14 A10RB-049TH
0,537,NOTEBOOK (โน้ตบุ๊ค) ACER SWIFT 3 SF314-57G-56PE (MILLENNIAL PINK)
0,538,NOTEBOOK (โน้ตบุ๊ค) ASUS ZENBOOK 14 UX434FLC-A6213T (ICICLE SILVER)
0,539,NOTEBOOK (โน้ตบุ๊ค) ACER SWIFT 1 SF114-32-P3PG (SILVER)
0,540,NOTEBOOK (โน้ตบุ๊ค) ACER SWIFT 1 SF114-32-P5E8 (AQUA GREEN)
0,541,NOTEBOOK (โน้ตบุ๊ค) LENOVO IDEAPAD S145-14AST-81ST004LTA (BLACK)
0,542,NOTEBOOK (โน้ตบุ๊ค) LENOVO IDEAPAD S340-13IML-81UM001VTA (PLATINUM GRAY)
0,543,NOTEBOOK (โน้ตบุ๊ค) ACER SWIFT 5 SF514-54T-58K3 (MOONSTONE WHITE)
0,544,NOTEBOOK (โน้ตบุ๊ค) ASUS ZENBOOK 14 UX434FAC-A6116T (ICICLE SILVER)
0,545,NOTEBOOK (โน้ตบุ๊ค) ASUS ZENBOOK 14 UX434FLC-A6212T (ICICLE SILVER)
0,546,NOTEBOOK (โน้ตบุ๊ค) ASUS ZENBOOK 14 UX434FLC-A6211T (ROYAL BLUE)
0,547,NOTEBOOK (โน้ตบุ๊ค) ASUS ZENBOOK 14 UX434FLC-A6210T (ROYAL BLUE)
0,548,NOTEBOOK (โน้ตบุ๊ค) DELL XPS 13 9370-W56795607THW10 (SILVER)
0,549,NOTEBOOK (โน้ตบุ๊ค) MICROSOFT SURFACE LAPTOP 3 - I5-1035G7/8/128 (PLATINUM)
0,550,NOTEBOOK (โน้ตบุ๊ค) LENOVO IDEAPAD S340-15IIL-81VW0086TA (PLATINUM GRAY)
0,551,NOTEBOOK (โน้ตบุ๊ค) LENOVO IDEAPAD S340-15IIL-81VW009BTA (PLATINUM GRAY)
0,552,NOTEBOOK (โน้ตบุ๊ค) ACER SWIFT 5 SF514-54GT-78B0 (WHITE)
0,553,NOTEBOOK (โน้ตบุ๊ค) ASUS ZENBOOK 13 UX334FLC-A4085T (ROYAL BLUE)
0,554,NOTEBOOK (โน้ตบุ๊ค) ASUS VIVOBOOK S14 X412DA-EK342T (Orange)
0,555,NOTEBOOK (โน้ตบุ๊ค) ASUS VIVOBOOK S531FL-BQ358T
0,556,NOTEBOOK (โน้ตบุ๊ค) ASUS ZENBOOK 13 UX334FLC-A4124T (ICICLE SILVER)
0,557,NOTEBOOK (โน้ตบุ๊ค) MICROSOFT SURFACE LAPTOP 3 - RYZEN5/8/256 (BLACK)
0,558,NOTEBOOK (โน้ตบุ๊ค) ASUS ZENBOOK 13 UX334FLC-A4123T (ICICLE SILVER)
0,559,NOTEBOOK (โน้ตบุ๊ค) ASUS VIVOBOOK S531FL-BQ357T
0,560,NOTEBOOK (โน้ตบุ๊ค) DELL INSPIRON 7490-W56705107THW10 (SILVER)
0,561,NOTEBOOK (โน้ตบุ๊ค) ASUS VIVOBOOK S531FL-BQ356T
0,562,NOTEBOOK (โน้ตบุ๊ค) ASUS VIVOBOOK S531FL-BQ362T
0,563,NOTEBOOK (โน้ตบุ๊ค) ASUS VIVOBOOK S531FL-BQ361T
0,564,NOTEBOOK (โน้ตบุ๊ค) ASUS VIVOBOOK S531FL-BQ343T
0,565,NOTEBOOK (โน้ตบุ๊ค) ASUS VIVOBOOK S531FL-BQ354T
0,566,NOTEBOOK (โน้ตบุ๊ค) ASUS VIVOBOOK S531FL-BQ359T
0,567,NOTEBOOK (โน้ตบุ๊ค) LENOVO IDEAPAD S340-15IILD-81WL001VTA (PLATINUM GRAY)
0,568,NOTEBOOK (โน้ตบุ๊ค) ASUS VIVOBOOK S531FL-BQ360T
0,569,NOTEBOOK (โน้ตบุ๊ค) ASUS VIVOBOOK S531FL-BQ355T
0,570,NOTEBOOK (โน้ตบุ๊ค) DELL INSPIRON 7490-W56705106THW10 (SILVER)
0,571,NOTEBOOK (โน้ตบุ๊ค) DELL INSPIRON 7490-W56705106THW10 (ICE BERRY)
0,572,NOTEBOOK (โน้ตบุ๊ค) DELL XPS 13-SNSX739001 (SILVER) TOUCH-SCREEN
0,573,NOTEBOOK 2 IN 1 (โน้ตบุ๊คแบบฝาพับ 360 องศา) ASUS ZENBOOK FLIP 13 UX362FA-EL221T (ROYAL BLUE)
0,574,NOTEBOOK 2 IN 1 (โน้ตบุ๊คแบบแยกคีย์บอร์ด) LENOVO MIIX 520-12IKB [LTE]-81CG01XQTA (GRAY)
0,575,NOTEBOOK 2 IN 1 (โน้ตบุ๊คแบบแยกคีย์บอร์ด) MICROSOFT SURFACE BOOK2 15 INCH [FVH-00027]
0,576,NOTEBOOK 2 IN 1 (โน้ตบุ๊คแบบแยกคีย์บอร์ด) MICROSOFT SURFACE BOOK2 13 INCH [HNN-00031]
0,577,NOTEBOOK 2 IN 1 (โน้ตบุ๊คแบบแยกคีย์บอร์ด) MICROSOFT SURFACE BOOK2 13 INCH [HN4-00031]
0,578,NOTEBOOK 2 IN 1 (โน้ตบุ๊คแบบแยกคีย์บอร์ด) MICROSOFT SURFACE BOOK2 13 INCH [HNL-00020]
0,579,NOTEBOOK 2 IN 1 (โน้ตบุ๊คแบบฝาพับ 360 องศา) ASUS ZENBOOK FLIP 14 UM462DA-AI031T
0,580,NOTEBOOK 2 IN 1 (โน้ตบุ๊คแบบแยกคีย์บอร์ด) MICROSOFT SURFACE BOOK2 15 INCH [FUX-00019]
0,581,NOTEBOOK 2 IN 1 (โน้ตบุ๊คแบบฝาพับ 360 องศา) ACER SPIN 1 SP111-34N-P53K (GRAY) TOUCH-SCREEN
0,582,TABLET (แท็บเล็ต) MICROSOFT SURFACE GO - PENTIUM GOLD 4415Y/8/128
0,583,NOTEBOOK 2 IN 1 (โน้ตบุ๊คแบบฝาพับ 180 องศา) LENOVO YOGA S730-13IWL-81J00047TA
0,584,NOTEBOOK 2 IN 1 (โน้ตบุ๊คแบบฝาผับ 360 องศา) HP PAVILION X360 14-DH1019TX (SILVER)
0,585,NOTEBOOK 2 IN 1 (โน้ตบุ๊คแบบฝาพับ 360 องศา) LENOVO IDEAPAD C340-14API-81N60088TA (BLACK)
0,586,TABLET (แท็บเล็ต) MICROSOFT SURFACE PRO 6 - I5-8250U/8/256
0,587,NOTEBOOK 2 IN 1 (โน้ตบุ๊คแบบแยกคีย์บอร์ด) LENOVO IDEAPAD D330-10IGM [WI-FI] 81H300DNTA (GRAY)
0,588,TABLET (แท็บเล็ต) MICROSOFT SURFACE PRO 7 I5-1035G4/8/128 (PLATINUM)
0,589,NOTEBOOK 2 IN 1 (โน้ตบุ๊คแบบฝาพับ 360 องศา) ASUS VIVOBOOK FLIP 14 TP412FA-EC043T (GALAXY BLUE)
0,590,NOTEBOOK 2 IN 1 (โน้ตบุ๊คแบบฝาพับ 360 องศา) DELL INSPIRON 5491-W566055024THW10 (SILVER)
0,591,NOTEBOOK 2 IN 1 (โน้ตบุ๊คแบบฝาพับ 360 องศา) LENOVO IDEAPAD C340-14API-81N60064TA (PLATINUM GRAY)
0,592,NOTEBOOK 2 IN 1 (โน้ตบุ๊คแบบฝาพับ 360 องศา) DELL INSPIRON 7391-W567053020THW10 (BLACK)
0,593,TABLET (แท็บเล็ต) MICROSOFT SURFACE PRO 6 - I7-8650U/8/256
0,594,NOTEBOOK 2 IN 1 (โน้ตบุ๊คแบบฝาพับ 360 องศา) ACER SPIN 5 SP513-53N-7620 (GRAY) TOUCH-SCREEN
0,595,NOTEBOOK 2 IN 1 (โน้ตบุ๊คแบบฝาพับ 360 องศา) ASUS ZENBOOK FLIP 14 UX463FL-AI023T (GRAY)
0,596,NOTEBOOK 2 IN 1 (โน้ตบุ๊คแบบฝาพับ 360 องศา) DELL INSPIRON 7386-W567953006THW10 (BLACK)
0,597,NOTEBOOK 2 IN 1 (โน้ตบุ๊คแบบฝาพับ 360 องศา) LENOVO IDEAPAD D330-10IGM (LTE)-81H300DPTA/N4000 (MINERAL GRAY)
0,598,NOTEBOOK 2 IN 1 (โน้ตบุ๊คแบบฝาพับ 360 องศา) DELL INSPIRON 7386-W567953001THW10 (SILVER)
0,599,TABLET (แท็บเล็ต) MICROSOFT SURFACE PRO 7 I5-1035G4/8/256 (BLACK)
0,600,NOTEBOOK 2 IN 1 (โน้ตบุ๊คแบบฝาพับ 360 องศา) HP ENVY X360 13-AR0127AU TOUCH-SCREEN
0,601,NOTEBOOK 2 IN 1 (โน้ตบุ๊คแบบฝาพับ 360 องศา) MICROSOFT SURFACE PRO X 8GB/128GB (LTE)
0,602,NOTEBOOK 2 IN 1 (โน้ตบุ๊คแบบฝาพับ 360 องศา) CONCEPTD CN917-71P-97DN (BLACK)
0,603,NOTEBOOK 2 IN 1 (โน้ตบุ๊คแบบฝาพับ 360 องศา) DELL INSPIRON 7391-W567053008THW10 (BLACK)
0,604,NOTEBOOK (โน้ตบุ๊ค) LENOVO IDEAPAD S340-13IML-81UM001WTA (LIQUID BLUE)
0,605,NOTEBOOK 2 IN 1 (โน้ตบุ๊คแบบฝาพับ 360 องศา) LENOVO MIIX D330-10IGM 81H300F4TA (WI-FI)
0,606,NOTEBOOK 2 IN 1 (โน้ตบุ๊คแบบฝาพับ 180 องศา) LENOVO YOGA S940-14IWL-81Q70047TA (GRAY)
0,607,NOTEBOOK 2 IN 1 (โน้ตบุ๊คแบบฝาพับ 360 องศา) MICROSOFT SURFACE PRO X 8GB/256GB (LTE)
0,608,NOTEBOOK 2 IN 1 (โน้ตบุ๊คแบบฝาพับ 360 องศา) HP Spectre x360 13-ap0168TU (Black Hybrid)
0,609,NOTEBOOK (โน้ตบุ๊ค) HP Pavilion x360 14-dh0006tx (Silver)
0,610,NOTEBOOK 2 IN 1 (โน้ตบุ๊คแบบฝาพับ 360 องศา) HP Spectre x360 13-ap0167TU (Blue Hybrid)
0,611,NOTEBOOK 2 IN 1 (โน้ตบุ๊คแบบฝาพับ 360 องศา) DELL INSPIRON 5491-W566055024THW10 (SILVER)
0,672,MAINBOARD (เมนบอร์ด) 1151 GIGABYTE GA-H110M-DS2
0,673,MAINBOARD (เมนบอร์ด) AM4 ASUS PRIME X570-P/CSM
0,674,MAINBOARD (เมนบอร์ด) 1151 ASUS H110M-K
0,675,MAINBOARD (เมนบอร์ด) AM4 ASUS ROG STRIX B450-F GAMING
0,676,MAINBOARD (เมนบอร์ด) 1151 ASUS PRIME H370-PLUS/CSM
0,677,MAINBOARD (เมนบอร์ด) AM4 ASROCK B450M STEEL LEGEND
0,678,MAINBOARD (เมนบอร์ด) AM4 ASUS PRIME X570 PRO/CSM
0,679,MAINBOARD (เมนบอร์ด) 1151 GIGABYTE H370 AORUS GAMING 3
0,680,MAINBOARD (เมนบอร์ด) 1150 GIGABYTE H81M-DS2
0,681,MAINBOARD (เมนบอร์ด) 1151 ASROCK H110M-DVS R3.0
0,682,MAINBOARD (เมนบอร์ด) 1151 ASUS ROG STRIX Z390-F GAMING
0,683,MAINBOARD (เมนบอร์ด) AM4 ASUS PRIME A320M-K
0,684,MAINBOARD (เมนบอร์ด) AM4 GIGABYTE B450 AORUS ELITE
0,685,MAINBOARD (เมนบอร์ด) 1151 ASUS PRIME H310M-E R2.0
0,686,MAINBOARD (เมนบอร์ด) AM4 ASROCK B450 STEEL LEGEND
0,687,MAINBOARD (เมนบอร์ด) AM4 ASROCK B450M PRO4
0,688,MAINBOARD (เมนบอร์ด) AM4 ASUS PRIME X470-PRO
0,689,MAINBOARD (เมนบอร์ด) 1151 ASUS ROG MAXIMUS XI HERO (WI-FI)
0,690,MAINBOARD (เมนบอร์ด) AM4 ASROCK A320M HDV R4.0
0,691,MAINBOARD (เมนบอร์ด) AM4 ASUS PRIME B450M-A AURA SYNC SUPPORT
0,692,MAINBOARD (เมนบอร์ด) AM4 ASUS TUF B450M-PLUS GAMING AURA SYNC SUPPORT
0,693,MAINBOARD (เมนบอร์ด) AM4 ASUS PRIME B450M-K
0,694,MAINBOARD (เมนบอร์ด) 1151 GIGABYTE B360 AORUS GAMING 3
0,695,MAINBOARD (เมนบอร์ด) AM4 ASUS PRIME B450-PLUS AURA SYNC SUPPORT
0,696,MAINBOARD (เมนบอร์ด) AM4 ASUS ROG STRIX X570-F GAMING
0,697,MAINBOARD (เมนบอร์ด) 1151 MSI Z390-A PRO
0,698,MAINBOARD (เมนบอร์ด) 1151 GIGABYTE H370 AORUS GAMING 3 WIFI
0,699,MAINBOARD (เมนบอร์ด) 1151 ASUS ROG STRIX B365-G GAMING
0,700,MAINBOARD (เมนบอร์ด) 1151 ASUS PRIME Z390-P
0,701,MAINBOARD (เมนบอร์ด) AM4 ASUS ROG CROSSHAIR VIII HERO (WI-FI)
0,702,MAINBOARD (เมนบอร์ด) 1151 ASROCK B365M PHANTOM GAMING 4
0,703,MAINBOARD (เมนบอร์ด) 1151 GIGABYTE Z390 AORUS ELITE
0,704,MAINBOARD (เมนบอร์ด) AM4 ASUS TUF GAMING X570-PLUS
0,705,MAINBOARD (เมนบอร์ด) 1151 ASROCK H370 PRO4
0,706,MAINBOARD (เมนบอร์ด) AM4 GIGABYTE B450M DS3H
0,707,MAINBOARD (เมนบอร์ด) 1155 GIGABYTE H61M-DS2
0,708,MAINBOARD (เมนบอร์ด) 1151 ASUS ROG STRIX B365-F GAMING
0,709,MAINBOARD (เมนบอร์ด) 1151 GIGABYTE B365 M AORUS ELITE
0,710,MAINBOARD (เมนบอร์ด) 1151 ASUS PRIME B365M-K
0,711,MAINBOARD (เมนบอร์ด) AM4 ASROCK B450 PRO4
0,712,MAINBOARD (เมนบอร์ด) 775 ASROCK G41C-GS R2.0
0,713,MAINBOARD (เมนบอร์ด) 1151 ASROCK H110M-HDV R3.0
0,714,MAINBOARD (เมนบอร์ด) 1151 ASROCK B365M PRO4
0,715,MAINBOARD (เมนบอร์ด) 2066 ASUS ROG STRIX X299-E GAMING II
0,716,MAINBOARD (เมนบอร์ด) 1151 MSI MPG Z390 GAMING PLUS
0,717,MAINBOARD (เมนบอร์ด) 1151 MSI MAG Z390 TOMAHAWK
0,718,MAINBOARD (เมนบอร์ด) AM4 ASUS ROG CROSSHAIR VIII FORMULA
0,719,MAINBOARD (เมนบอร์ด) AM4 ASUS ROG CROSSHAIR VIII IMPACT
0,720,MAINBOARD (เมนบอร์ด) 1151 ASUS Z390 MAXIMUS XI FORMULA
0,721,MAINBOARD (เมนบอร์ด) AM4 ASUS ROG STRIX X570-I GAMING
0,722,MAINBOARD (เมนบอร์ด) 1151 ASUS PRIME Z390-A
0,723,MAINBOARD (เมนบอร์ด) 1151 GIGABYTE Z390 AORUS MASTER
0,724,MAINBOARD (เมนบอร์ด) 1151 GIGABYTE Z390 UD
0,725,MAINBOARD (เมนบอร์ด) AM4 ASROCK X570 STEEL LEGEND
0,726,MAINBOARD (เมนบอร์ด) AM4 ASUS ROG STRIX X570-E GAMING
0,727,MAINBOARD (เมนบอร์ด) AM4 ASUS PRIME A320M-A
0,728,MAINBOARD (เมนบอร์ด) AM4 ASUS PRIME A320M-E
0,729,MAINBOARD (เมนบอร์ด) 2066 ASUS PRIME X299-A II
0,730,MAINBOARD (เมนบอร์ด) AM4 MSI MPG X570 GAMING PLUS
0,731,MAINBOARD (เมนบอร์ด) 1151 ASROCK H310CM-DVS
0,732,MAINBOARD (เมนบอร์ด) 1151 ASROCK H310CM-HDV
0,733,MAINBOARD (เมนบอร์ด) 1151 ASROCK B365M-ITX/AC
0,734,MAINBOARD (เมนบอร์ด) 1151 GIGABYTE H370 HD3
0,735,MAINBOARD (เมนบอร์ด) AM4 ASROCK B450M-HDV R4.0
0,736,MAINBOARD (เมนบอร์ด) 1151 GIGABYTE H310M H 2.0
0,737,MAINBOARD (เมนบอร์ด) 1151 ASUS TUF Z390-PLUS GAMING (WI-FI)
0,738,MAINBOARD (เมนบอร์ด) sTRX4 ASUS PRIME TRX40-PRO
0,739,MAINBOARD (เมนบอร์ด) AM4 MSI X570-A PRO
0,740,MAINBOARD (เมนบอร์ด) 1151 MSI MEG Z390 GODLIKE
0,741,MAINBOARD (เมนบอร์ด) 1151 ASUS PRIME B365-PLUS
0,742,MAINBOARD (เมนบอร์ด) ASUS ROG STRIX TRX40-E GAMING
0,743,MAINBOARD (เมนบอร์ด) AM4 MSI B450M PRO-VDH PLUS
0,744,MAINBOARD (เมนบอร์ด) 1151 ASUS PRIME H310M-K R2.0
0,745,MAINBOARD (เมนบอร์ด) 1151 ASUS TUF Z390M-PRO GAMING
0,746,MAINBOARD (เมนบอร์ด) 1151 ASROCK B365 PRO4
0,747,MAINBOARD (เมนบอร์ด) 1151 ASUS PRIME H370-A
0,748,MAINBOARD (เมนบอร์ด) 1151 ASROCK H310CM-HDV/M.2
0,749,MAINBOARD (เมนบอร์ด) 1151 GIGABYTE Z390 I AORUS PRO WIFI
0,750,MAINBOARD (เมนบอร์ด) 1151 ASUS EX-B365M-V
0,751,MAINBOARD (เมนบอร์ด) 1151 ASUS TUF B360-PLUS GAMING
0,752,MAINBOARD (เมนบอร์ด) 1151 ASUS TUF Z390-PRO GAMING
0,753,MAINBOARD (เมนบอร์ด) 1151 ASROCK Z390 PHANTOM GAMING 4
0,754,MAINBOARD (เมนบอร์ด) AM4 GIGABYTE X570 I AORUS PRO WIFI
0,755,MAINBOARD (เมนบอร์ด) AM4 ASUS TUF X470 PLUS GAMING
0,756,MAINBOARD (เมนบอร์ด) 1151 ASUS PRIME B365M-A
0,757,MAINBOARD (เมนบอร์ด) 1151 GIGABYTE Z390 GAMING X
0,758,MAINBOARD (เมนบอร์ด) 1151 MSI MAG B365M MORTAR
0,759,MAINBOARD (เมนบอร์ด) 1151 ASUS ROG STRIX Z390-I GAMING
0,760,MAINBOARD (เมนบอร์ด) AM4 ASROCK FATAL1TY B450 GAMING-ITX/AC
0,761,MAINBOARD (เมนบอร์ด) 1151 ASUS MAXIMUS XI CODE
0,762,MAINBOARD (เมนบอร์ด) 1151 MSI MPG Z390 GAMING EDGE AC
0,763,MAINBOARD (เมนบอร์ด) 1151 ASROCK Z390 PHANTOM GAMING-ITX/AC
0,764,MAINBOARD (เมนบอร์ด) AM4 GIGABYTE X570 GAMING X
0,765,MAINBOARD (เมนบอร์ด) 1151 MSI B365M PRO-VH
0,766,MAINBOARD (เมนบอร์ด) AM4 ASROCK X570 PHANTOM GAMING 4
0,767,MAINBOARD (เมนบอร์ด) 1151 ASUS PRIME Z390M-PLUS
0,768,MAINBOARD (เมนบอร์ด) AM4 MSI MEG X570 GODLIKE
0,769,MAINBOARD (เมนบอร์ด) 1151 ASROCK B365M-HDV
0,770,MAINBOARD (เมนบอร์ด) 1151 MSI H310M PRO-VDH PLUS
0,771,MAINBOARD (เมนบอร์ด) 2066 ASUS PRIME X299 DELUXE II
0,772,MAINBOARD (เมนบอร์ด) 1151 GIGABYTE H310M S2H 2.0
0,773,MAINBOARD (เมนบอร์ด) AM4 MSI MPG X570 GAMING EDGE WIFI
0,774,MAINBOARD (เมนบอร์ด) 1151 ASUS PRIME H310M-D R2.0/CSM
0,775,MAINBOARD (เมนบอร์ด) 1151 GIGABYTE Z390 M GAMING
0,776,MAINBOARD (เมนบอร์ด) 1151 ASROCK Z390 TAICHI
0,777,MAINBOARD (เมนบอร์ด) AM4 GIGABYTE X570 AORUS ULTRA
0,778,MAINBOARD (เมนบอร์ด) 1151 ASROCK Z390M-ITX/AC
0,779,MAINBOARD (เมนบอร์ด) 1151 GIGABYTE H310M DS2 2.0
0,780,MAINBOARD (เมนบอร์ด) AM4 GIGABYTE B450M AORUS ELITE
0,781,MAINBOARD (เมนบอร์ด) AM4 ASROCK X570 EXTREME4
0,782,MAINBOARD (เมนบอร์ด) AM4 ASROCK X570 TAICHI
0,783,MAINBOARD (เมนบอร์ด) AM4 GIGABYTE B450M S2H
0,784,MAINBOARD (เมนบอร์ด) 1151 GIGABYTE B365M GAMING HD
0,785,MAINBOARD (เมนบอร์ด) 1151 GIGABYTE B365M HD3
0,786,MAINBOARD (เมนบอร์ด) 1151 MSI B365M PRO-VDH
0,787,MAINBOARD (เมนบอร์ด) AM4 GIGABYTE A320M-S2H V2
0,788,MAINBOARD (เมนบอร์ด) 1151 MSI MPG Z390M GAMING EDGE AC
0,789,MAINBOARD (เมนบอร์ด) AM4 ASROCK X570 PHANTOM GAMING-ITX/TB3
0,790,MAINBOARD (เมนบอร์ด) 1151 GIGABYTE B365 HD3
0,791,MAINBOARD (เมนบอร์ด) AM4 GIGABYTE X570 AORUS XTREME
0,792,MAINBOARD (เมนบอร์ด) 1150 ASROCK H81M-VG4 R4.0
0,793,MAINBOARD (เมนบอร์ด) AM4 ASROCK X570 PRO4
0,794,MAINBOARD (เมนบอร์ด) AM4 ASROCK X570 AQUA
0,795,MAINBOARD (เมนบอร์ด) AM4 GIGABYTE X570 UD
0,796,MAINBOARD (เมนบอร์ด) AM4 MSI B450 GAMING PLUS MAX
0,797,MAINBOARD (เมนบอร์ด) 1151 ASUS TUF B365-PLUS GAMING
0,798,MAINBOARD (เมนบอร์ด) AM4 GIGABYTE B450 GAMING X
0,799,MAINBOARD (เมนบอร์ด) AM4 MSI B450M PRO-M2 MAX
0,800,MAINBOARD (เมนบอร์ด) AM4 MSI B450M PRO-VDH MAX
0,801,MAINBOARD (เมนบอร์ด) AM4 ASUS TUF B450-PRO GAMING
0,802,MAINBOARD (เมนบอร์ด) AM4 MSI MPG X570 GAMING PRO CARBON WIFI
0,803,MAINBOARD (เมนบอร์ด) AM4 MSI MEG X570 UNIFY
0,804,MAINBOARD (เมนบอร์ด) AM4 ASROCK X570 PHANTOM GAMING X
0,805,MAINBOARD (เมนบอร์ด) 2066 ASUS ROG RAMPAGE VI EXTREME ENCORE
0,806,MAINBOARD (เมนบอร์ด) sTRX4 ASUS ROG ZENITH II EXTREME
0,807,MAINBOARD (เมนบอร์ด) AM4 MSI MEG X570 ACE
0,808,MAINBOARD (เมนบอร์ด) 1151 ASUS TUF B365M-PLUS GAMING
0,809,MAINBOARD (เมนบอร์ด) GIGABYTE TRX40 AORUS MASTER
0,810,MAINBOARD (เมนบอร์ด) AM4 ASUS ROG STRIX B450-E GAMING
0,811,MAINBOARD (เมนบอร์ด) 2066 GIGABYTE X299X AORUS MASTER
0,812,MAINBOARD (เมนบอร์ด) sTRX4 MSI TRX40 PRO WIFI
0,813,MAINBOARD (เมนบอร์ด) AM4 MSI B450M-A PRO MAX
0,814,MAINBOARD (เมนบอร์ด) sTRX4 GIGABYTE TRX40 AORUS PRO WIFI
0,815,VGA (การ์ดแสดงผล) GIGABYTE AORUS Radeon RX580 8G
0,816,VGA (การ์ดแสดงผล) ASUS ROG-STRIX-RX570-O4G-GAMING
0,817,VGA (การ์ดแสดงผล) ASUS DUAL RTX2070 O8G MINI - 8GB GDDR6
0,818,VGA (การ์ดแสดงผล) ASUS ROG STRIX RTX2070S A8G GAMING - 8GB GDDR6
0,819,VGA (การ์ดแสดงผล) MSI RX 580 ARMOR 8G OC
0,820,VGA (การ์ดแสดงผล) ASUS TUF GTX1660S O6G GAMING - 6GB GDDR6
0,821,VGA (การ์ดแสดงผล) GIGABYTE RTX2060 OC 6GB GDDR6
0,822,VGA (การ์ดแสดงผล) ASUS ROG STRIX RTX2060S A8G GAMING - 8GB GDDR6
0,823,VGA (การ์ดแสดงผล) ASUS ROG STRIX RTX2080S A8G GAMING - 8GB GDDR6
0,824,VGA (การ์ดแสดงผล) ASUS ROG STRIX RTX2080S O8G GAMING - 8GB GDDR6
0,825,VGA (การ์ดแสดงผล) GIGABYTE GT1030 DDR5 2GB 64-BIT (N1030D5-2GL)
0,826,VGA (การ์ดแสดงผล) GALAX RTX2060 [1-CLICK OC] 6GB GDDR6
0,827,VGA (การ์ดแสดงผล) GIGABYTE GEFORCE 210 PCI-E 1GB DDR3 64-BIT (N210D3-1GI)
0,828,VGA (การ์ดแสดงผล) ASUS DUAL GTX1660TI O6G GDDR6 6GB
0,829,VGA (การ์ดแสดงผล) MSI RADEON RX570 ARMOR 8G OC
0,830,VGA (การ์ดแสดงผล) ASUS ROG STRIX RX5700XT O8G GAMING - 8GB GDDR6
0,831,VGA (การ์ดแสดงผล) ASUS PH-GT1030 O2G
0,832,VGA (การ์ดแสดงผล) GALAX GEFORCE GT 710 PASSIVE 2GB - 2GB DDR3 64-BIT
0,833,VGA (การ์ดแสดงผล) ASUS ROG STRIX RX5500XT O8G GAMING - 8GB GDDR6
0,834,VGA (การ์ดแสดงผล) ASUS DUAL GTX1650 O4G 4GB GDDR5
0,835,VGA (การ์ดแสดงผล) GALAX GEFORCE RTX 2060 SUPER EX [1-CLICK OC] 8GB GDDR6
0,836,VGA (การ์ดแสดงผล) GALAX GT 1030 EXOC WHITE 2GD5 64-BIT
0,837,VGA (การ์ดแสดงผล) ASUS ROG STRIX RTX2080TI O11G GAMING 11GB GDDR6
0,838,VGA (การ์ดแสดงผล) ASUS TUF 3 GTX1660S O6G GAMING - 6GB GDDR6
0,839,VGA (การ์ดแสดงผล) GIGABYTE RADEON RX 570 GAMING 4G (REV. 2.0) - 4GB GDDR5 (GV-RX570GAMING-4GD)
0,840,VGA (การ์ดแสดงผล) GALAX GEFORCE RTX 2070 SUPER EX [1-CLICK OC] 8GB GDDR6
0,841,VGA (การ์ดแสดงผล) ASUS ROG STRIX RX5600XT O6G GAMING - 6GB GDDR6
0,842,VGA (การ์ดแสดงผล) MSI RTX2080 GAMING X TRIO 8GB GDDR6
0,843,VGA (การ์ดแสดงผล) GIGABYTE RADEON RX 5700 XT GAMING OC 8G - 8GB GDDR6 (GV-R57XTGAMING OC-8GD)
0,844,VGA (การ์ดแสดงผล) MSI GT 710 2GB 2GD3H-LP
0,845,VGA (การ์ดแสดงผล) MSI RADEON RX580 ARMOR MK2 8G OC - 8GB GDDR5
0,846,VGA (การ์ดแสดงผล) GIGABYTE GTX1660 GAMING OC 6G 6GB GDDR5 (GV-N166GAMING OC-6GD)
0,847,VGA (การ์ดแสดงผล) ASUS TUF 3 RX5700XT O8G GAMING - 8GB GDDR6
0,848,VGA (การ์ดแสดงผล) ASUS DUAL RX5500XT O8G EVO - 8GB GDDR6
0,849,VGA (การ์ดแสดงผล) GIGABYTE QUADRO P620 2GB DDR5
0,850,VGA (การ์ดแสดงผล) GIGABYTE GTX1660 OC 6G 6GB GDDR5 (GV-N1660OC-6GD)
0,851,VGA (การ์ดแสดงผล) ASUS TUF 3 RX5700 O8G GAMIMG - 8GB GDDR6
0,852,VGA (การ์ดแสดงผล) ASUS DUAL RTX2080 O8G DDR6
0,853,VGA (การ์ดแสดงผล) ASUS ROG STRIX RX5700 O8G GAMING - 8GB GDDR6
0,854,VGA (การ์ดแสดงผล) GALAX GEFORCE GT 710 1GB - 1GB DDR3 64-BIT
0,855,VGA (การ์ดแสดงผล) ASUS ROG STRIX RTX2080 A8G GAMING 8GB GDDR6
0,856,VGA (การ์ดแสดงผล) ASUS ROG STRIX GTX1650 O4G GAMING 4GB GDDR5
0,857,VGA (การ์ดแสดงผล) GIGABYTE AORUS GEFORCE RTX2070 SUPER 8G - 8GB GDDR6 (GV-N2070SAORUS-8GC)
0,858,VGA (การ์ดแสดงผล) MSI GEFORCE RTX 2080 SUPER GAMING X TRIO - 8GB GDDR6
0,859,VGA (การ์ดแสดงผล) MSI RTX2080TI GAMING X TRIO 11GB DDR6
0,860,VGA (การ์ดแสดงผล) GIGABYTE RTX2060 GAMING OC PRO 6GB DDR6 (GV-N2060GAMINGOCPRO-6GD)
0,861,VGA (การ์ดแสดงผล) ASUS GT710-2GD5-SL-BRK
0,862,VGA (การ์ดแสดงผล) ZOTAC GTX1650 OC 4GB GDDR5 (ZT-T16500F-10L)
0,863,VGA (การ์ดแสดงผล) GIGABYTE GTX1650 OC 4G 4GB GDDR5 (GV-N1650OC-4GD)
0,864,VGA (การ์ดแสดงผล) GALAX GTX1660 [1-CLICK OC] 6GB GDDR5
0,865,VGA (การ์ดแสดงผล) MSI GEFORCE RTX 2070 SUPER GAMING X TRIO - 8GB GDDR6
0,866,VGA (การ์ดแสดงผล) GIGABYTE AORUS GEFORCE RTX 2080 SUPER 8G - 8GB GDDR6 (GV-N208SAORUS-8GC)
0,867,VGA (การ์ดแสดงผล) MSI GEFORCE RTX 2060 SUPER GAMING X - 8GB GDDR6
0,868,VGA (การ์ดแสดงผล) GIGABYTE RX590 GAMING 8GB
0,869,VGA (การ์ดแสดงผล) GIGABYTE GEFORCE RTX 2060 SUPER WINDFORCE OC 8G - 8GB GDDR6 (GV-N2060SWF2OC-8GD)
0,870,VGA (การ์ดแสดงผล) ASUS TUF GTX1650S O4G GAMING - 4GB GDDR6
0,871,VGA (การ์ดแสดงผล) GIGABYTE GEFORCE RTX 2070 SUPER GAMING OC 3X 8G - 8GB GDDR6 (GV-N207SGAMING OC-8GD)
0,872,VGA (การ์ดแสดงผล) GALAX GEFORCE GTX 1650 SUPER EX (1-CLICK OC) - 4GB GDDR6
0,873,VGA (การ์ดแสดงผล) MSI GT1030 AERO ITX 2G OC
0,874,VGA (การ์ดแสดงผล) GIGABYTE RADEON RX 5500 XT OC 8G - 8GB GDDR6 (GV-R55XTOC-8GD)
0,875,VGA (การ์ดแสดงผล) GALAX RTX2080 EX GAMER [1-CLICK OC V2] 8GB GDDR6
0,876,VGA (การ์ดแสดงผล) MSI GEFORCE RTX 2060 SUPER VENTUS OC - 8GB GDDR6
0,877,VGA (การ์ดแสดงผล) SAPPHIRE NITRO+ RADEON RX590 8GD5 50th ANNIVERSARY EDITION
0,878,VGA (การ์ดแสดงผล) MSI RADEON RX 5700 XT GAMING X - 8GB GDDR6
0,879,VGA (การ์ดแสดงผล) ASUS TUF GTX1660TI O6G GAMING 6GB GDDR6
0,880,VGA (การ์ดแสดงผล) POWER COLOR RED DRAGON RX580 8GB (AXRX 580 8GBD5-3DHDV2/OC)
0,881,VGA (การ์ดแสดงผล) GIGABYTE GEFORCE GTX 1650 SUPER WINDFORCE OC 4G - 4GB GDDR6 (GV-N165SWF2OC-4GD)
0,882,VGA (การ์ดแสดงผล) GIGABYTE AORUS RADEON RX 5700 XT 8G - 8GB GDDR6 (GV-R57XTAORUS-8GD)
0,883,VGA (การ์ดแสดงผล) MSI RADEON RX5700XT EVOKE OC - 8GB GDDR6
0,884,VGA (การ์ดแสดงผล) SAPPHIRE PULSE RX 5700XT 8G GDDR6
0,885,VGA (การ์ดแสดงผล) GIGABYTE GEFORCE GTX1660 SUPER GAMING OC 6G - 6GB GDDR6 (GV-N166SGAMING OC-6GD)
0,886,VGA (การ์ดแสดงผล) ZOTAC GAMING GEFORCE RTX 2070 SUPER AMP EXTREME - 8GB GDDR6 (ZT-T20710B-10P)
0,887,VGA (การ์ดแสดงผล) GIGABYTE GEFORCE RTX 2080 SUPER GAMING OC 8G - 8GB GDDR6 (GV-208SGAMING-OC-8G)
0,888,VGA (การ์ดแสดงผล) GALAX GT 1030 2GB GDDR5 64-BIT
0,889,VGA (การ์ดแสดงผล) MSI RADEON RX 5600 XT GAMING X - 6GB GDDR6
0,890,VGA (การ์ดแสดงผล) ASUS TUF RTX2060 O6G GAMING 6GB GDDR6
0,891,VGA (การ์ดแสดงผล) MSI RADEON RX590 ARMOR 8G OC - 8GB GDDR5
0,892,VGA (การ์ดแสดงผล) GIGABYTE GEFORCE GTX1660 SUPER OC 6G - 6GB GDDR6 (GV-N166SOC-6GD)
0,893,VGA (การ์ดแสดงผล) INNO3D GEFORCE RTX 2070 SUPER TWIN X2 OC - 8GB GDDR6
0,894,VGA (การ์ดแสดงผล) MSI GEFORCE RTX 2080 SUPER VENTUS XS OC - 8GB GDDR6
0,895,VGA (การ์ดแสดงผล) LEADTEK NVIDIA QUADRO P620 2GB GDDR5
0,896,VGA (การ์ดแสดงผล) GALAX RTX2080TI SG [1-CLICK OC] 11GB GDDR6
0,897,VGA (การ์ดแสดงผล) LEADTEK NVIDIA QUADRO P4000 8GB GDDR5
0,898,VGA (การ์ดแสดงผล) MSI GEFORCE RTX 2060 SUPER ARMOR OC - 8GB GDDR6
0,899,VGA (การ์ดแสดงผล) MSI GEFORCE GTX 1650 SUPER VENTUS XS OC - 4GB GDDR6
0,900,VGA (การ์ดแสดงผล) ZOTAC GAMING GEFORCE GTX 1660 SUPER TWIN FAN - 6GB GDDR6 (ZT-T16620F-10L)
0,901,VGA (การ์ดแสดงผล) ZOTAC GEFORCE GT 710 2GB DDR3 (ZT-71302-20L)
0,902,VGA (การ์ดแสดงผล) MSI RADEON RX5700 MECH OC - 8GB GDDR6
0,903,VGA (การ์ดแสดงผล) GIGABYTE QUADRO P2200 CORES 1280 5GB GDDR5X 160 BIT
0,904,VGA (การ์ดแสดงผล) ZOTAC GAMING GEFORCE GTX 1660 SUPER AMP - 6GB GDDR6 (ZT-T16620D-10M)
0,905,VGA (การ์ดแสดงผล) MSI RADEON RX 5500 XT GAMING X 8G - 8GB GDDR6
0,906,VGA (การ์ดแสดงผล) MSI GEFORCE GTX 1650 SUPER GAMING X - 4GB GDDR6
0,907,VGA (การ์ดแสดงผล) MSI RADEON RX 5600 XT MECH OC - 6GB GDDR6
0,908,VGA (การ์ดแสดงผล) POWER COLOR RED DRAGON RADEON RX 5500 XT - 8GB GDDR6 (AXRX 5500 XT 8GBD6-DHR/OC)
0,909,VGA (การ์ดแสดงผล) MSI RX570 ARMOR 4G OC 256 BIT
0,910,VGA (การ์ดแสดงผล) MSI RADEON RX 5500 XT MECH 8G OC - 8GB GDDR6
0,911,VGA (การ์ดแสดงผล) GALAX GEFORCE RTX 2070 SUPER WORK THE FRAMES EDITION - 8GB GDDR6
0,912,VGA (การ์ดแสดงผล) LEADTEK NVIDIA QUADRO P2200 - 5GB DDR5X
0,913,VGA (การ์ดแสดงผล) GIGABYTE RADEON RX 5500 XT GAMING OC 4G - 4GB GDDR6 (GV-R55XTGAMING OC-4GD)
0,914,VGA (การ์ดแสดงผล) GIGABYTE RADEON RX 5500 XT OC 4G - 4GB GDDR6 (GV-R55XTOC-4GD)
0,915,VGA (การ์ดแสดงผล) ASROCK RADEON RX 5500 XT CHALLENGER D 8G OC - 8GB GDDR6
0,916,VGA (การ์ดแสดงผล) MSI RADEON RX 5500 XT MECH 4G OC - 4GB GDDR6
0,917,VGA (การ์ดแสดงผล) ZOTAC GAMING GEFORCE RTX 2080 SUPER TRIPLE FAN - 8GB GDDR6 (ZT-T20820H-10P)
0,918,VGA (การ์ดแสดงผล) LEADTEK NVIDIA QUADRO RTX4000 - 8GB GDDR6
0,919,VGA (การ์ดแสดงผล) GIGABYTE GEFORCE RTX 2060 SUPER GAMING OC 3X 8G (REV. 2.0) - 8GB GDDR6 (GV-N206SGAMING OC-8GD)
0,920,VGA (การ์ดแสดงผล) GIGABYTE RADEON RX 5600 XT GAMING OC 6G - 6GB GDDR6 (GV-R56XTGAMING OC-6GD)
0,921,VGA (การ์ดแสดงผล) GALAX GEFORCE RTX 2060 SUPER (1-CLICK OC) - 8GB GDDR6
0,922,VGA (การ์ดแสดงผล) GIGABYTE RADEON RX 590 GAMING 8G (REV. 2.0) - 8GB GDDR5 (GV-RX590GAMING-8GD)
0,923,VGA (การ์ดแสดงผล) POWER COLOR RED DEVIL RADEON RX5600XT - 6GB GDDR6 (AXRX 5600XT 6GBD6-3DHE/OC)
0,924,VGA (การ์ดแสดงผล) GIGABYTE QUADRO RTX4000 - 8GB GDDR6
0,925,VGA (การ์ดแสดงผล) MSI GEFORCE RTX 2060 SUPER VENTUS GP OC - 8GB GDDR6
0,926,VGA (การ์ดแสดงผล) POWER COLOR RED DEVIL RADEON RX 5700 AXRX 5700 8GBD6-3DHE/OC - 8GB GDDR6
0,927,VGA (การ์ดแสดงผล) GIGABYTE RADEON RX 5600 XT WINDFORCE OC 6G - 6GB GDDR6 (GV-R56XTWF2OC-6GD)
0,928,VGA (การ์ดแสดงผล) ASROCK RADEON RX 5600 XT CHALLENGER D 6G OC - 6GB GDDR6
0,929,VGA (การ์ดแสดงผล) ASUS PH GTX1650S O4G - 4GB GDDR6
0,930,VGA (การ์ดแสดงผล) SAPPHIRE PULSE RX 5500 XT 8G GDDR6
0,931,VGA (การ์ดแสดงผล) MSI GEFORCE RTX 2070 SUPER VENTUS GP OC - 8GB GDDR6
0,932,VGA (การ์ดแสดงผล) POWER COLOR RADEON RX 5500 XT - 8GB GDDR6 (AXRX 5500XT 8GBD6-DH/OC)
0,933,VGA (การ์ดแสดงผล) GIGABYTE GEFORCE GTX 1650 SUPER OC 4G - 4GB GDDR6 (GV-N165SOC-4GD)
0,934,VGA (การ์ดแสดงผล) GALAX GEFORCE RTX 2070 SUPER EX GAMER BLACK EDITION - 8GB GDDR6
0,935,VGA (การ์ดแสดงผล) POWER COLOR LIQUID DEVIL RADEON RX 5700 XT - 8GB GDDR6 (AXRX 5700XT 8GBD6-WDH/OC)
0,1275,"MONITOR (จอมอนิเตอร์) BENQ ZOWIE XL2411P 24"" TN 144Hz"
0,1276,"MONITOR (จอมอนิเตอร์) ASUS PG258Q 24.5"" TN 1MS 240Hz G-SYNC"
0,1277,"MONITOR (จอมอนิเตอร์) ASUS XG27VQ 27"" VA 144Hz"
0,1278,"MONITOR (จอมอนิเตอร์) BENQ ZOWIE XL2546 24.5"" TN 240Hz"
0,1279,"MONITOR (จอมอนิเตอร์) LG 29WK600-W 29"" IPS 75Hz"
0,1280,"MONITOR (จอมอนิเตอร์) SAMSUNG LC24F390FHEXXT 23.5"" VA 60Hz"
0,1281,"MONITOR (จอมอนิเตอร์) ASUS PG27VQ 27"" 1MS 165Hz G-SYNC"
0,1282,"MONITOR (จอมอนิเตอร์) ACER VG220QBMIIX 21.5"" IPS 75Hz"
0,1283,"MONITOR (จอมอนิเตอร์) LG 34WK650-W 34"" IPS 75Hz"
0,1284,"MONITOR (จอมอนิเตอร์) DELL ALIENWARE AW2518H 24.5"" TN 240Hz"
0,1285,"MONITOR (จอมอนิเตอร์) ACER PREDATOR XB272BMIPRZ 27"" TN"
0,1286,"MONITOR (จอมอนิเตอร์) SAMSUNG LC32F397FWEXXT 31.5"" VA 60Hz"
0,1287,"MONITOR (จอมอนิเตอร์) BENQ GW2480 23.8"" IPS 60Hz"
0,1288,"MONITOR (จอมอนิเตอร์) SAMSUNG LC27JG54QEXXT 27"" VA 2K 144Hz"
0,1289,"MONITOR (จอมอนิเตอร์) BENQ SW2700PT 27"" IPS 60Hz"
0,1290,"MONITOR (จอมอนิเตอร์) LG 19M38A-B 18.5"" TN 60Hz"
0,1291,"MONITOR (จอมอนิเตอร์) HP 24F 23.8"" IPS 60Hz"
0,1292,"MONITOR (จอมอนิเตอร์) DELL SE2219HX 21.5"" IPS 60Hz"
0,1293,"MONITOR (จอมอนิเตอร์) VIEWSONIC VX2776-SMHD 27"" AH-IPS 60Hz"
0,1294,"MONITOR (จอมอนิเตอร์) VIEWSONIC VX2458-C-MHD 23.6"" VA 144Hz"
0,1295,"MONITOR (จอมอนิเตอร์) DELL ULTRASHARP U2419H 23.8"" IPS"
0,1296,"MONITOR (จอมอนิเตอร์) LG 27GL850-B 27"" NANO IPS 2K 144Hz"
0,1297,"MONITOR (จอมอนิเตอร์) VIEWSONIC VX3276-2K-MHD 31.5"" IPS 60Hz"
0,1298,"MONITOR (จอมอนิเตอร์) LG 27GL650F-B 27"" IPS 144Hz"
0,1299,"MONITOR (จอมอนิเตอร์) MSI OPTIX MPG27CQ 27"" VA 144Hz"
0,1300,"MONITOR (จอมอนิเตอร์) SAMSUNG LS24R350FHEXXT 23.8"" IPS 75Hz"
0,1301,"MONITOR (จอมอนิเตอร์) DELL S2319H 23"" IPS 60Hz"
0,1302,"MONITOR (จอมอนิเตอร์) DELL S2719H 27"" IPS 60Hz"
0,1303,"MONITOR (จอมอนิเตอร์) DELL S2419H 23.8"" IPS 60Hz"
0,1304,"MONITOR (จอมอนิเตอร์) AOC 22V2Q/67 21.5"" IPS 75Hz"
0,1305,"MONITOR (จอมอนิเตอร์) ACER VG270BMIIX 27"" IPS 75Hz"
0,1306,"MONITOR (จอมอนิเตอร์) ASUS ZENSCREEN MB16AP 15.6"" IPS 60Hz"
0,1307,"MONITOR (จอมอนิเตอร์) SAMSUNG LC49J890DKEXXT 48.9"" VA 144Hz"
0,1308,"MONITOR (จอมอนิเตอร์) HP 22YH 21.5"" TN 60Hz"
0,1309,"MONITOR (จอมอนิเตอร์) ACER KA220HQBD 21.5"" TN"
0,1310,"MONITOR (จอมอนิเตอร์) VIEWSONIC VX2476-SMHD 23.8"" AH-IPS 60Hz"
0,1311,"MONITOR (จอมอนิเตอร์) VIEWSONIC VX3217-2KC-MHD 31.5"" VA 75Hz"
0,1312,"MONITOR (จอมอนิเตอร์) LG 24GL600F-B 23.6"" TN 144Hz"
0,1313,"MONITOR (จอมอนิเตอร์) LENOVO L24Q-10 23.8"" IPS"
0,1314,"MONITOR (จอมอนิเตอร์) BENQ PD3200U 32"" IPS 60Hz"
0,1315,"MONITOR (จอมอนิเตอร์) BENQ SW240 24.1"" IPS 60Hz"
0,1316,"MONITOR (จอมอนิเตอร์) DELL D1918H 18.5"" TN 60Hz"
0,1317,"MONITOR (จอมอนิเตอร์) PHILIPS 193V5LSB2/97 18.5"" TN 60Hz"
0,1318,"MONITOR (จอมอนิเตอร์) DELL U2419HC 23.8"" IPS 60Hz USB-C"
0,1319,"MONITOR (จอมอนิเตอร์) DELL UP3017 30"" IPS"
0,1320,"MONITOR (จอมอนิเตอร์) VIEWSONIC VX3211-4K 31.5"" VA 60Hz"
0,1321,"MONITOR (จอมอนิเตอร์) BENQ SW271 27"" IPS 60Hz"
0,1322,"MONITOR (จอมอนิเตอร์) ASUS PB27UQ 27"" IPS 60Hz"
0,1323,"MONITOR (จอมอนิเตอร์) MSI OPTIX MAG271CQR 27"" VA 2K 144Hz"
0,1324,"MONITOR (จอมอนิเตอร์) BENQ PD3200Q 32"" VA 60Hz"
0,1325,"MONITOR (จอมอนิเตอร์) VIEWSONIC VP2768 27"" IPS 60Hz"
0,1326,"MONITOR (จอมอนิเตอร์) LG 27UL600-W 27"" IPS 60Hz"
0,1327,"MONITOR (จอมอนิเตอร์) DELL U2719D 27"" IPS 60Hz"
0,1328,"MONITOR (จอมอนิเตอร์) ACER EB192QB 18.5"" TN 60Hz"
0,1329,"MONITOR (จอมอนิเตอร์) MSI OPTIX MAG322CQRV 31.5"" VA 144Hz"
0,1330,"MONITOR (จอมอนิเตอร์) LG 32UK550-B 32"" VA 60Hz"
0,1331,"MONITOR (จอมอนิเตอร์) BENQ PD2710QC 27"" IPS DESIGNER 2K USB-C SPEAKER"
0,1332,"MONITOR (จอมอนิเตอร์) LG 20MK400A-B 19.5"" TN 60Hz"
0,1333,"MONITOR (จอมอนิเตอร์) AOC AGON AG251FZ2/67 24.5"" TN 240Hz 0.5MS"
0,1334,"MONITOR (จอมอนิเตอร์) VIEWSONIC VP3268-4K 31.5"" AH-IPS"
0,1335,"MONITOR (จอมอนิเตอร์) ACER K202HQLBD 19.5"" TN 60Hz"
0,1336,"MONITOR (จอมอนิเตอร์) PHILIPS 272M7C/67 27"" VA 144Hz"
0,1337,"MONITOR (จอมอนิเตอร์) VIEWSONIC VX3258-PC-MHD 31.5"" VA 165Hz"
0,1338,"MONITOR (จอมอนิเตอร์) DELL U3219Q 31.5"" IPS 60Hz"
0,1339,"MONITOR (จอมอนิเตอร์) ACER PREDATOR X35BMIPHZX VA 35"" 200Hz"
0,1340,"MONITOR (จอมอนิเตอร์) VIEWSONIC VP2458 23.8"" IPS 60Hz"
0,1341,"MONITOR (จอมอนิเตอร์) SAMSUNG LS22R350FHEXXT 21.5"" IPS FHD 75Hz"
0,1342,"MONITOR (จอมอนิเตอร์) PHILIPS 278E1A/67 27"" IPS 4K 60Hz"
0,1343,"MONITOR (จอมอนิเตอร์) GIGABYTE AORUS CV27F 27"" VA FHD 165Hz"
0,1344,"MONITOR (จอมอนิเตอร์) SAMSUNG LC49RG90SSEXXT 49"" VA 120Hz"
0,1345,"MONITOR (จอมอนิเตอร์) ACER ED322QRPBMIIPX 31.5"" VA FHD 144Hz"
0,1346,"MONITOR (จอมอนิเตอร์) LENOVO D32Q-20 31.5"" IPS 2K 75Hz"
0,1347,"MONITOR (จอมอนิเตอร์) LENOVO G24-10 23.6"" TN FHD 144Hz"
0,1348,"MONITOR (จอมอนิเตอร์) BENQ EX3501R 35"" VA 100Hz"
0,1349,"MONITOR (จอมอนิเตอร์) ASUS PROART PA34VC 34"" IPS 100Hz"
0,1350,"MONITOR (จอมอนิเตอร์) DELL ALIENWARE AW2720HF 27"" IPS FHD 240Hz"
0,1351,"MONITOR (จอมอนิเตอร์) BENQ SW270C 27"" IPS 60Hz"
0,1352,"MONITOR (จอมอนิเตอร์) LENOVO Q27Q-10 27"" IPS 2K 75Hz"
0,1353,"MONITOR (จอมอนิเตอร์) DELL ALIENWARE AW3420DW 34.1"" IPS WQHD 120Hz"
0,1354,"MONITOR (จอมอนิเตอร์) BENQ EX3203R 31.5"" VA 144Hz"
0,1355,"MONITOR (จอมอนิเตอร์) BENQ DESIGNER PD2720U 27"" IPS 4K 60Hz"
0,1356,"MONITOR (จอมอนิเตอร์) ASUS CG32UQ 31.5"" VA 4K 60Hz"
0,1357,"MONITOR (จอมอนิเตอร์) ASUS VA32UQ 31.5"" VA 4K 60Hz"
0,1358,"MONITOR (จอมอนิเตอร์) HP 27M 27"" IPS FHD 60Hz"
0,1359,"MONITOR (จอมอนิเตอร์) LENOVO Y27GQ-25 27"" TN 2K 240Hz"
0,1360,"MONITOR (จอมอนิเตอร์) DELL E2318H 23"" IPS"
0,1361,"MONITOR (จอมอนิเตอร์) LENOVO D22-10 21.5"" TN"
0,1362,"MONITOR (จอมอนิเตอร์) BENQ ZOWIE XL2746S 27"" TN FHD 240Hz 0.5ms"
0,1363,"MONITOR (จอมอนิเตอร์) Dell E2720H 27"" (BLACK)"
0,1364,"MONITOR (จอมอนิเตอร์) PHILIPS 222B9T/00 21.5"" TN FHD 60Hz TOUCH-SCREEN"
0,1365,"MONITOR (จอมอนิเตอร์) DELL E1916HV 18.5"" TN 60Hz"
0,1366,"MONITOR (จอมอนิเตอร์) PHILIPS 242B9T/00 23.8"" IPS FHD 60Hz TOUCH-SCREEN"
0,1367,"MONITOR (จอมอนิเตอร์) DELL P1917S 19"" IPS"
0,1368,"MONITOR (จอมอนิเตอร์) VIEWSONIC VA2261-2 21.5"" TN FHD 60Hz"
0,1369,"MONITOR (จอมอนิเตอร์) VIEWSONIC VA2261H-8 21.5"" TN FHD 60Hz"
0,1370,"MONITOR (จอมอนิเตอร์) Dell E2219HN 21.5"" (BLACK)"
0,1371,"MONITOR (จอมอนิเตอร์) ACER K222HQLBD 21.5"" TN 60Hz (UM.WX2ST.001)"
0,1372,"MONITOR (จอมอนิเตอร์) DELL E1916HV 18.5"" TN 60Hz (SNSE1916HV-9)"
0,1373,"MONITOR (จอมอนิเตอร์) Dell E2020H 19.5"" (BLACK)"
0,3330,WORKSTATION (เวิร์คสเตชั่น) MSI WP65 MOBILE WORKSTATION 9TH-298TH
0,3331,NOTEBOOK (โน้ตบุ๊ค) DELL LATITUDE 3400 I5-8265U/UMA/8G/1TB/UBU/HD (ICT)
0,3332,NOTEBOOK (โน้ตบุ๊ค) DELL LATITUDE 3500 I5-8265U/DIS/8G/1TB/WIN10PRO/HD
0,3333,NOTEBOOK (โน้ตบุ๊ค) DELL LATITUDE 5400 I5-8265U/UMA/8G/256SSD/WIN10PRO/NOBACKLIGHT/NOFPR/FHD
0,3334,NOTEBOOK (โน้ตบุ๊ค) DELL LATITUDE 5300 I5-8265U/UMA/8G/256SSD/WIN10PRO/BACKLIGHT/NOFPR/FHD
0,3335,NOTEBOOK (โน้ตบุ๊ค) DELL LATITUDE 3500 I7-8565U/DIS/8G/1TB/WIN10PRO/FHD
0,3336,NOTEBOOK (โน้ตบุ๊ค) DELL LATITUDE 5500 I5-8265U/UMA/8G/256SSD/WIN10PRO/BACKLIGHT/NOFPR/FHD/BLACK
0,3337,NOTEBOOK (โน้ตบุ๊ค) DELL LATITUDE 7400 I7-8665U(VPRO)/UMA/8G/512SSD/WIN10PRO/NOBACKLIGHT/NOFPR/FHD-SLP/BLACK
0,3338,NOTEBOOK (โน้ตบุ๊ค) DELL LATITUDE 5400 I5-8365U(VPRO)/UMA/8G/512SSD/WIN10PRO/NOBACKLIGHT/NOFPR/FHD
0,3339,NOTEBOOK 2 IN 1 (โน้ตบุ๊คแบบแยกคีย์บอร์ด) DELL LATITUDE 7200 2IN1 I5-8265U/UMS/8G/256SSD/WIN10PRO/FHDTOUCH/PEN+KEYBOARD
0,3340,NOTEBOOK (โน้ตบุ๊ค) DELL LATITUDE 3400 I7-8565U/DIS/8G/1TB/WIN10PRO/FHD
0,3341,NOTEBOOK (โน้ตบุ๊ค) DELL LATITUDE 3400 I7-8565U/DIS/8G/1TB/UBU/FHD
0,3342,WORKSTATION (เวิร์คสเตชั่น) DELL PRECISION M7740 I7-9750H/32G/512SSD(NVME40)/NVIDIARTX3000(6G)/WIN10PRO/UHD100-IR
0,3343,NOTEBOOK (โน้ตบุ๊ค) DELL PRECISION MOBILE WORKSTATION M3541 I7-9750H/BLACK/16G/512SSD+1TB/P620(4G)/WIN10PRO
0,3344,NOTEBOOK (โน้ตบุ๊ค) DELL LATITUDE 7300 I5-8265U/UMA/8G/256SSD/WIN10PRO/BACKLIGHT/NOFPR/FHD-SLP/BLACK
0,3345,NOTEBOOK (โน้ตบุ๊ค) DELL LATITUDE 5300 I7-8665U(VPRO)/UMA/8G/256SSD/WIN10PRO/BACKLIGHT/NOFPR/FHD
0,3346,NOTEBOOK (โน้ตบุ๊ค) DELL LATITUDE 3400 I3-8145U/UMA/4G/1TB/UBU/HD (ICT)
0,3347,NOTEBOOK (โน้ตบุ๊ค) DELL LATITUDE 3400 I5-8265U/UMA/4G/1TB/UBU/HD
0,3348,NOTEBOOK (โน้ตบุ๊ค) DELL LATITUDE 7400 I5-8265U/UMA/8G/256SSD/WIN10PRO/NOBACKLIGHT/NOFPR/FHD-SLP/BLACK
0,3349,NOTEBOOK 2 IN 1 (โน้ตบุ๊คแบบฝาพับ 360 องศา) DELL LATITUDE 5300 I5-8365U(VPRO)/UMS/8G/256SSD/WIN10PRO/FHDTOUCH/PEN
0,3350,NOTEBOOK (โน้ตบุ๊ค) MSI WORKSTATION WE65 9TI-029TH
0,3351,WORKSTATION (เวิร์คสเตชั่น) DELL PRECISION M5540 I7-9750H/SILVER/16G(1X16)/256SSD+1TB/NVIDIAT1000(4)/WIN10PRO (FHD100-NT)/3CELL
0,3352,NOTEBOOK (โน้ตบุ๊ค) DELL LATITUDE 5300 I5-8365U(VPRO)/UMA/8G/512SSD/WIN10PRO/BACKLIGHT/NOFPR/FHD
0,3353,NOTEBOOK (โน้ตบุ๊ค) DELL PRECISION MOBILE WORKSTATION M3541 I7-9750H/SILVER/16G/256SSD+1TB/P620(4G)/WIN10PRO
0,3354,NOTEBOOK 2 IN 1 (โน้ตบุ๊คแบบฝาพับ 360 องศา) DELL LATITUDE 7400 I5-8265U/UMS/8G/512SSD/WIN10PRO/FHDTOUCH/PEN/ENGKB (METAL)
0,3355,WORKSTATION (เวิร์คสเตชั่น) DELL PRECISION M7540 I7-9750H/32G/512SSD(NVME40)/NVIDIAT2000(4G)/WIN10PRO/UHD100-IR
0,3356,NOTEBOOK (โน้ตบุ๊ค) DELL LATITUDE 7300 I5-8365U(VPRO)/UMA/8G/256SSD/WIN10PRO/FHDTOUCH/BLACK
0,3357,NOTEBOOK (โน้ตบุ๊ค) DELL LATITUDE 7300 I5-8365U(VPRO)/UMA/8G/512SSD/WIN10PRO/FHD-SLP/BLACK
0,3358,NOTEBOOK (โน้ตบุ๊ค) DELL PRECISION MOBILE WORKSTATION M3540 I5-8265U/16G/512SSD/WX2100(2G)/WIN10PRO
0,3359,WORKSTATION (เวิร์คสเตชั่น) DELL PRECISION M5540 I7-9750H/SILVER/16G(2X8)/512SSD/NVIDAIT1000(4)/WIN10PRO (UHDTOUCH100)/6CELL
0,3360,NOTEBOOK (โน้ตบุ๊ค) DELL PRECISION MOBILE WORKSTATION M3541 E-2276M/BLACK/16G/512SSD+1TB/P620(4G)/WIN10PRO
0,3361,NOTEBOOK (โน้ตบุ๊ค) DELL WORKSTATION PRECISION M3541 I5-9300H/BLACK/16G/256SSD+1TB/P620(4G)/WIN10PRO/FHD/100SRGB/IR
0,3362,NOTEBOOK (โน้ตบุ๊ค) DELL WORKSTATION-PRECISION M5540 I7-9750H/TITANGREY/16G(2x8)/512SSD/NVIDIAT1000(4)/WIN10PRO (UHDTOUCH100)/6CELL
0,3363,NOTEBOOK (โน้ตบุ๊ค) DELL LATITUDE 3500 I5-8265U/DIS(2G)/8G/256SSD+1TB/WIN10PRO/FHD
0,3364,NOTEBOOK (โน้ตบุ๊ค) DELL LATITUDE 7300 I7-8665U(VPRO)/UMA/16G/512SSD/WIN10PRO/FHD-SLP/BLACK
0,3365,NOTEBOOK (โน้ตบุ๊ค) DELL LATITUDE 3400 I5-8265U/UMA/8G/1TB/WIN10PRO/HD
0,3366,NOTEBOOK (โน้ตบุ๊ค) DELL LATITUDE 5300 I7-8665U(VPRO)/UMA/16G/512SSD/WIN10PRO/BACKLIGHT/FPR/FHD
0,3367,NOTEBOOK (โน้ตบุ๊ค) DELL LATITUDE 3400 I5-8265U/UMA/8G/256SSD+1TB/WIN10PRO/HD
0,3368,NOTEBOOK 2 IN 1 (โน้ตบุ๊คแบบฝาพับ 360 องศา) DELL LATITUDE 7400 I7-8665U(VPRO)/UMS/16G/512SSD/WIN10PRO/FHD/TOUCH/PEN/ENGKB/FPR
0,3369,NOTEBOOK (โน้ตบุ๊ค) DELL PRECISION M5540 I7-9750H/TITANGREY/16G(1x16)/256SSD+1TB/NVIDIAT1000(4)/WIN10PRO(FHD100NT)/3CELL
0,3370,NOTEBOOK (โน้ตบุ๊ค) DELL LATITUDE 3400-SNS3400001 i3-8145U/UMA/4G/1TB/Ubu/HD (ICT1/NB62) (BLACK)
0,3880,COMPUTER SET JIB ONLINE APRIL2020 (ASUS 1650)
0,3881,COMPUTER SET JIB ONLINE APRIL2020 (ASUS 5700XT)
0,3882,COMPUTER SET JIB ONLINE APRIL2020 (GIGABYTE 2060)
0,3883,COMPUTER SET JIB ONLINE APRIL2020 (GALAX 2070)
0,3884,COMPUTER SET JIB ONLINE APRIL2020 (SAPPHIRE 5600XT)
0,3885,COMPUTER SET JIB ONLINE APRIL2020 (GIGABYTE 2080)
0,3886,COMPUTER SET JIB ONLINE APRIL2020 (GIGABYTE 5700XT)
